name,subs,categories,ha-link
MrBeast,148.1M,Video games,https://hypeauditor.com/youtube/UCX6OQ3DkcsbYNE6H8uQQuVA/
PewDiePie,111.6M,Animation,https://hypeauditor.com/youtube/UC-lHJZR3Gqxm24_Vd_AJ5Yw/
WWE,94.5M,Video games,https://hypeauditor.com/youtube/UCJ5v_MCY6GNUBTO8-D3XoAg/
Dude Perfect,59.3M,Video games,https://hypeauditor.com/youtube/UCRijo3ddMTht_IHyNSNXpNQ/
Movieclips,59.1M,Movies,https://hypeauditor.com/youtube/UC3gNmTGu-TTbFPpfSs5kNkg/
Marshmello,56.3M,Music & Dance,https://hypeauditor.com/youtube/UCEdvpU2pFRCVqU6yIPyTpMQ/
LooLoo Kids - Nursery Rhymes and Children's Songs,53.4M,Music & Dance,https://hypeauditor.com/youtube/UC4NALVCmcmL5ntpV0thoH6w/
Ed Sheeran,53.2M,Music & Dance,https://hypeauditor.com/youtube/UC0C-w0YjGpqDXGB8IHb662A/
Taylor Swift,51.5M,Music & Dance,https://hypeauditor.com/youtube/UCqECaJ8Gagnn7YCbPEzWH6g/
BRIGHT SIDE,44.6M,Animation,https://hypeauditor.com/youtube/UC4rlAVgAK0SGk-yTfe48Qpw/
Alan Walker,43.1M,Music & Dance,https://hypeauditor.com/youtube/UCJrOtniJ0-NWz37R30urifQ/
TheEllenShow,38.3M,null,https://hypeauditor.com/youtube/UCp0hYYBW6IMayGgR-WeoCvQ/
Ozuna,36.1M,Music & Dance,https://hypeauditor.com/youtube/UCjIA3wwhi0QjSOXAZwOXbPA/
YouTube,35.7M,null,https://hypeauditor.com/youtube/UCBR8-60-B28hp2BmDPdntcQ/
Markiplier,34.8M,Animation,https://hypeauditor.com/youtube/UC7_YxT-KID8kRbqZo7MyscQ/
SSSniperWolf,33.5M,Humor,https://hypeauditor.com/youtube/UCpB959t8iPrxQWj7G6n0ctQ/
MrBeast Gaming,32.1M,Animation,https://hypeauditor.com/youtube/UCIPPMRA040LQr5QPyJEbmXA/
DisneyMusicVEVO,32.1M,Music & Dance,https://hypeauditor.com/youtube/UCgwv23FVv3lqh567yagXfNg/
The Weeknd,32M,Music & Dance,https://hypeauditor.com/youtube/UC0WP5P-ufpRfjbNrmOWwLBQ/
Dream,31.6M,Video games,https://hypeauditor.com/youtube/UCTkXRDQl0luXxVQrRQvWS6w/
The Tonight Show Starring Jimmy Fallon,31.1M,Movies,https://hypeauditor.com/youtube/UC8-Th83bH_thdKZDJCrn88g/
Lucas and Marcus,30.3M,Animation,https://hypeauditor.com/youtube/UCwD4x63A9KC7Si2RuSfg-SA/
Ultra Records,29.5M,Music & Dance,https://hypeauditor.com/youtube/UC4rasfm9J-X4jNl9SvXp8xA/
jacksepticeye,29.4M,Video games,https://hypeauditor.com/youtube/UCYzPXprvl5Y-Sf0g4vX-m6g/
The Late Late Show with James Corden,28.2M,Animation,https://hypeauditor.com/youtube/UCJ0uqCI0Vqr2Rrt1HseGirg/
Drake,27.9M,Music & Dance,https://hypeauditor.com/youtube/UCByOQJjav0CUDwxCk-jVNRQ/
Wiz Khalifa,27.3M,Music & Dance,https://hypeauditor.com/youtube/UCVp3nfGRxmMadNDuVbJSk8A/
ToyPuddingTV,27.2M,null,https://hypeauditor.com/youtube/UCKqx9r4mrFglauNBJc1L_eg/
DanTDM,26.8M,Video games,https://hypeauditor.com/youtube/UCS5Oz6CHmeoF7vSad0qqXfw/
JYP Entertainment,26.8M,Music & Dance,https://hypeauditor.com/youtube/UCaO6TYtlC8U5ttz62hTrZgg/
WORLDSTARHIPHOP,26.5M,Music & Dance,https://hypeauditor.com/youtube/UC-yXuc1__OzjwpsJPlxYUCQ/
Netflix,26.3M,Movies,https://hypeauditor.com/youtube/UCWOA1ZGywLbqmigxE4Qlvuw/
Brent Rivera,26.1M,Video games,https://hypeauditor.com/youtube/UC56D-IHcUvLVFTX_8NpQMXg/
VanossGaming,25.9M,Animation,https://hypeauditor.com/youtube/UCKqH_9mk1waLgBiL2vT5b9g/
Post Malone,25.2M,Music & Dance,https://hypeauditor.com/youtube/UCeLHszkByNZtPKcaVXOCOQQ/
WatchMojo.com,25.1M,Movies,https://hypeauditor.com/youtube/UCaWd5_7JhbQBe4dknZhsHJg/
Smosh,25.1M,Movies,https://hypeauditor.com/youtube/UCY30JRSgfhYXA6i6xX1erWg/
Coldplay,24.8M,Music & Dance,https://hypeauditor.com/youtube/UCDPM_n1atn2ijUwHd0NNRQw/
Chloe Ting,24.5M,Fitness,https://hypeauditor.com/youtube/UCCgLoMYIyP0U56dEhEL1wXQ/
Collins Key,24M,DIY & Life Hacks,https://hypeauditor.com/youtube/UC7TTtOQKMXTWWMtWQMIgVSA/
James Charles,23.9M,Beauty,https://hypeauditor.com/youtube/UCucot-Zp428OwkyRm2I7v2Q/
Mark Rober,23.8M,Science & Technology,https://hypeauditor.com/youtube/UCY1kMZp36IQSyNx_9h4mpCg/
Ninja,23.7M,Animation,https://hypeauditor.com/youtube/UCAW-NpUFkMyCNrvRSSGIvDQ/
Beast Reacts,23.7M,null,https://hypeauditor.com/youtube/UCUaT_39o1x6qWjz7K2pWcgw/
NichLmao,23.7M,Daily vlogs,https://hypeauditor.com/youtube/UC6VAIqNQBc7ggiqvsOHOBqw/
America's Got Talent,23.6M,Music & Dance,https://hypeauditor.com/youtube/UCT2X19JJaJGUN7mrYuImANQ/
Preston,23.5M,Animation,https://hypeauditor.com/youtube/UC70Dib4MvFfT1tU6MqeyHpQ/
FaZe Rug,23.3M,Video games,https://hypeauditor.com/youtube/UCilwZiBBfI9X6yiZRzWty8Q/
MrBeast 2,22.8M,Daily vlogs,https://hypeauditor.com/youtube/UC4-79UOlP48-QNGgCko5p2g/
TED,22.8M,null,https://hypeauditor.com/youtube/UCAuUUnT6oDeKwE6v1NGQxug/
SFG ENT,4.4M,Movies,https://hypeauditor.com/youtube/UC-ikVvfoDcZuqOjTqFDpVqw/
kesha,4.4M,Mystery,https://hypeauditor.com/youtube/UCh1bAdm-p_kpf_-a2vpCyHw/
Bugha,4.4M,Animation,https://hypeauditor.com/youtube/UCgIoEgOk3wzhhORNC9AbzhQ/
TechZone,4.4M,Design/art,https://hypeauditor.com/youtube/UC6H07z6zAwbHRl4Lbl0GSsw/
Lisa Nguyen,4.4M,Food & Drinks,https://hypeauditor.com/youtube/UCJQVsC3XcvuRMRr-jD_kTPw/
Walt Disney Studios,4.4M,null,https://hypeauditor.com/youtube/UCuaFvcY4MhZY3U43mMt1dYQ/
Kurtis Conner,4.4M,Movies,https://hypeauditor.com/youtube/UC7zsxKqd5MicTf4VhS9Y74g/
Physics,4.4M,Video games,https://hypeauditor.com/youtube/UCrU5SiHOddIJGrPAR18FM2g/
Ireland Boys Productions,4.4M,Video games,https://hypeauditor.com/youtube/UCxgDfpB3rBRPozm3zzaRXTQ/
Home Of Games,4.4M,Video games,https://hypeauditor.com/youtube/UCD-WWj0WqSGQOynNigc5VHw/
SethEverman,4.4M,Music & Dance,https://hypeauditor.com/youtube/UCoNRSwYHJdy-yV1b82ZdHfQ/
Bader Al Safar,4.4M,Daily vlogs,https://hypeauditor.com/youtube/UC42AMmteep9j7RAR2FuV4bw/
TMZ,4.4M,null,https://hypeauditor.com/youtube/UCK7IIV6Q2junGSdYK3BmZMg/
NotYourAverageFlight,4.3M,Sports,https://hypeauditor.com/youtube/UCoGIPQ7M4NWai7LRgRhaSOg/
MysticGotJokes,4.3M,Movies,https://hypeauditor.com/youtube/UCXgfQbfVvYA9G9-Jb9cBSYg/
the bootleg boy,4.3M,Music & Dance,https://hypeauditor.com/youtube/UC0fiLCwTmAukotCXYnqfj0A/
KhangProFilm,4.3M,Music & Dance,https://hypeauditor.com/youtube/UC89u8T2JjgjAo1G37dXLLWw/
GhostNinja,4.3M,Video games,https://hypeauditor.com/youtube/UCbkMvtBNkpIbHqQdKHJSb5A/
Alux.com,4.3M,Education,https://hypeauditor.com/youtube/UCNjPtOCvMrKY5eLwr_-7eUg/
SomeThingElseYT,4.3M,null,https://hypeauditor.com/youtube/UCvUmwreRrbxeR1mbmojj8fg/
BD Media Music,4.3M,Music & Dance,https://hypeauditor.com/youtube/UC0mdaYTW7jul-6Tk3iCg1Mw/
DrDisRespect,4.3M,Video games,https://hypeauditor.com/youtube/UCcJL2ld6kxy_nuV1u7PVQ0g/
PatrickStarrr,4.3M,Beauty,https://hypeauditor.com/youtube/UCDHQbU57NZilrhbuZNbQcRA/
Viral Feed,4.3M,null,https://hypeauditor.com/youtube/UCmSPDMxfLphFJlZirsHbP0A/
Simple History,4.3M,Education,https://hypeauditor.com/youtube/UC510QYlOlKNyhy_zdQxnGYw/
gattu,4.3M,Video games,https://hypeauditor.com/youtube/UCPIzPN_V3Wk2KN5wIK3Kwsg/
Graham Stephan,4.3M,News & Politics,https://hypeauditor.com/youtube/UCV6KDgJskWaEckne5aPA0aQ/
Free Documentary,4.3M,Travel,https://hypeauditor.com/youtube/UCijcd0GR0fkxCAZwkiuWqtQ/
Gawr Gura Ch. hololive-EN,4.3M,Video games,https://hypeauditor.com/youtube/UCoSrY_IQQVpmIRZ9Xf-y93g/
KinoCheck.com,4.3M,Movies,https://hypeauditor.com/youtube/UCLRlryMfL8ffxzrtqv0_k_w/
Crash Adams,4.3M,null,https://hypeauditor.com/youtube/UCAxCk_CU0lnz6vJyslY9-Tw/
Majestic Casual,4.3M,Music & Dance,https://hypeauditor.com/youtube/UCXIyz409s7bNWVcM-vjfdVA/
CBR,4.3M,Movies,https://hypeauditor.com/youtube/UCuCk_7b2_4uSr6y5hFmjuMQ/
How To Cake It,4.3M,Food & Drinks,https://hypeauditor.com/youtube/UCvM1hVcRJmVWDtATYarC0KA/
The Fizzy Show,4.3M,Toys,https://hypeauditor.com/youtube/UCV6P5rRVmiTL637byUZBTrQ/
The New York Times,4.3M,News & Politics,https://hypeauditor.com/youtube/UCqnbDFdCpuN8CMEg0VuEBqA/
Sturniolo Triplets,4.3M,null,https://hypeauditor.com/youtube/UCfA5CSlYGseqSeOhsiiZTfw/
OmarGoshTV,4.3M,Mystery,https://hypeauditor.com/youtube/UCq52Fv9Jn7js4neFjaju3Fg/
Mobile MOBA Việt,4.3M,Animation,https://hypeauditor.com/youtube/UCpd1Gf-SZjc_5ce5vVq5FTg/
MLB,4.3M,Sports,https://hypeauditor.com/youtube/UCoLrcjPV5PbUrUyXq5mjc_A/
Wu Tang Collection,4.3M,Movies,https://hypeauditor.com/youtube/UCUpbgPbDccjoB9PxI-nI7oA/
De mi Rancho a Tu Cocina,4.3M,Food & Drinks,https://hypeauditor.com/youtube/UCJjyyWFwUIOfKhb35WgCqVg/
Numberphile,4.3M,Animation,https://hypeauditor.com/youtube/UCoxcjq-8xIDTYp3uz647V5A/
Gojzer,4.3M,null,https://hypeauditor.com/youtube/UCL3Cq-M4RE8M_7IbVjt5fcg/
Cas van de Pol,4.3M,null,https://hypeauditor.com/youtube/UCr1fdFXztwacnJ206hMgG7w/
OffTheRanch,4.3M,Autos & Vehicles,https://hypeauditor.com/youtube/UCV5mGxp-rtsGDAedDYnp7hA/
Random Encounters,4.3M,null,https://hypeauditor.com/youtube/UCroJ5uxmGr-WOtXUPyqeh6g/
I did a thing,4.3M,null,https://hypeauditor.com/youtube/UCJLZe_NoiG0hT7QCX_9vmqw/
Joe Albanese,4.3M,null,https://hypeauditor.com/youtube/UCVb7uI1uABY4teAN8i1Ir4g/
DC,4.3M,Movies,https://hypeauditor.com/youtube/UCiifkYAs_bq1pt_zbNAzYGg/
Andymation,4.5M,Animation,https://hypeauditor.com/youtube/UCJbg_yirB5vm9VKn5yLGCKw/
DIEN QUAN Film,4.5M,Animation,https://hypeauditor.com/youtube/UCQ6deCckW6dU4rSku7_cjrg/
CHRIS HERIA,4.5M,Fitness,https://hypeauditor.com/youtube/UCaBqRxHEMomgFU-AkSfodCw/
The Food Theorists,4.5M,Food & Drinks,https://hypeauditor.com/youtube/UCHYoe8kQ-7Gn9ASOlmI0k6Q/
YBS Youngbloods,4.5M,DIY & Life Hacks,https://hypeauditor.com/youtube/UCSnwORddxZG1SyB8lSxWQGg/
The McFive Circus,4.5M,null,https://hypeauditor.com/youtube/UCkLebsCaMfjDkWSKctBH0Hw/
Vsauce2,4.5M,Science & Technology,https://hypeauditor.com/youtube/UCqmugCqELzhIMNYnsjScXXw/
PoliceActivity,4.5M,Education,https://hypeauditor.com/youtube/UCXMYxKMh3prxnM_4kYZuB3g/
Bestie,4.5M,Health & Self Help,https://hypeauditor.com/youtube/UCT9CHbGeQlJvl3HAZok_DMA/
Royalty Gaming,4.5M,Video games,https://hypeauditor.com/youtube/UCemhZ2At2lgifTJLClGCz9A/
Memeulous,4.5M,Animation,https://hypeauditor.com/youtube/UC1o6smXb21IK3HV0yUcOFNg/
Luke TheNotable,4.5M,Video games,https://hypeauditor.com/youtube/UC9FkeEFIGd9FXRfxpTltXYA/
Ludwig,4.5M,Video games,https://hypeauditor.com/youtube/UCrPseYLGpNygVi34QpGNqpA/
Science Channel,4.5M,Science & Technology,https://hypeauditor.com/youtube/UCvJiYiBUbw4tmpRSZT2r1Hw/
MindofRez,4.5M,Video games,https://hypeauditor.com/youtube/UCQCjPX6e8jI3ukAS-FijXjw/
Myth,4.5M,Animation,https://hypeauditor.com/youtube/UCvQczq3aHiHRBGEx-BKdrcg/
Late Night with Seth Meyers,4.5M,Movies,https://hypeauditor.com/youtube/UCVTyTA7-g9nopHeHbeuvpRA/
Christen Dominique,4.5M,Beauty,https://hypeauditor.com/youtube/UCXTAdFsBmxNK3_c8MUvSviQ/
ColdFusion,4.5M,News & Politics,https://hypeauditor.com/youtube/UC4QZ_LsYcvcq7qOsOhpAX4A/
The Fishfam,4.5M,Music & Dance,https://hypeauditor.com/youtube/UCJTyunmsBLj20wyguh6uMig/
Phim Hay Điện Ảnh,4.5M,Animation,https://hypeauditor.com/youtube/UClfwS2zHXYQCzwGfp-Fiw6A/
Good Morning America,4.5M,News & Politics,https://hypeauditor.com/youtube/UCH1oRy1dINbMVp3UFWrKP0w/
IMPAULSIVE,4.5M,Humor,https://hypeauditor.com/youtube/UCGeBogGDZ9W3dsGx-mWQGJA/
Trend Central,4.5M,Daily vlogs,https://hypeauditor.com/youtube/UCOj9WICwHqV_smQj-ucj1AA/
ONE Media,4.5M,Movies,https://hypeauditor.com/youtube/UCzcRQ3vRNr6fJ1A9rqFn7QA/
Max the Meat Guy,4.5M,Food & Drinks,https://hypeauditor.com/youtube/UC_pT_Iz6XjuM-eMTlXghdfw/
DreamXD,4.5M,Daily vlogs,https://hypeauditor.com/youtube/UChU3JRloULzdFX3aCu7BiSA/
Twin Toys,4.5M,Movies,https://hypeauditor.com/youtube/UCUtZTNrZ8CUt_db3q5sEhjA/
Emergency Awesome,4.5M,Movies,https://hypeauditor.com/youtube/UCDiFRMQWpcp8_KD4vwIVicw/
Living Big In A Tiny House,4.5M,Design/art,https://hypeauditor.com/youtube/UCoNTMWgGuXtGPLv9UeJZwBw/
Hollow,4.5M,Animation,https://hypeauditor.com/youtube/UCmp5y07YIV6i2jPX4x82hVQ/
BabiezTV,4.4M,Animation,https://hypeauditor.com/youtube/UCzVw9odnihM5PgKSv5UnDPA/
twaimz,4.4M,Animation,https://hypeauditor.com/youtube/UCzzbaQY1nPim5yroAjtXRTw/
The Action Lab,4.4M,Science & Technology,https://hypeauditor.com/youtube/UC1VLQPn9cYSqx8plbk9RxxQ/
RedLancer,4.4M,null,https://hypeauditor.com/youtube/UCk2V--5EfnsXZNFBGEv-rGw/
RonaldOMG,4.4M,Video games,https://hypeauditor.com/youtube/UCfjLwqL4XSPUDT7hVnViCmw/
oompaville,4.4M,Animation,https://hypeauditor.com/youtube/UC6Mjg5R5QOJYjrio1JmP8Fg/
CashNasty,4.4M,Video games,https://hypeauditor.com/youtube/UCvyTdLw8SkVmUcHYXSDEGwA/
Antonio Palmucci,4.4M,null,https://hypeauditor.com/youtube/UCUMKhiOBYNgBLUHcXcjj0WA/
Jonna Jinton,4.4M,ASMR,https://hypeauditor.com/youtube/UCAk3t7WHs2zjsZpopox8Taw/
Just Ameerah,4.4M,DIY & Life Hacks,https://hypeauditor.com/youtube/UCrVpMA8a0KP9io6ejOwhWbA/
MrTop5,4.4M,Animation,https://hypeauditor.com/youtube/UC_jQ64mgxDbvATLv94lMwaw/
Taj Tracks,4.4M,Music & Dance,https://hypeauditor.com/youtube/UCdvBex6r_1-i8Sut-mCy2Jw/
BeamngShorts,4.4M,null,https://hypeauditor.com/youtube/UCssQ5919QxzLN_zPKo-oDWw/
Rich Black Guy,4.4M,Movies,https://hypeauditor.com/youtube/UCaZ2jG4qd1vY-Tkwiq9FBlw/
하루한끼 one meal a day,4.4M,Food & Drinks,https://hypeauditor.com/youtube/UCPWFxcwPliEBMwJjmeFIDIg/
Nutshell Animations,4.4M,null,https://hypeauditor.com/youtube/UChFs0d8syPIK6x8q4C6BrJw/
Exploring With Josh,4.4M,Video games,https://hypeauditor.com/youtube/UCNYsIqBwQyhnNDVf7SXJV9w/
Food Wishes,4.4M,Food & Drinks,https://hypeauditor.com/youtube/UCRIZtPl9nb9RiXc9btSTQNw/
Weird Stuff,4.4M,null,https://hypeauditor.com/youtube/UChRQWAIExUpHqJWMfD7KKRQ/
Epicurious,4.7M,Food & Drinks,https://hypeauditor.com/youtube/UCcjhYlL1WRBjKaJsMH_h7Lg/
매일맛나 delicious day,4.7M,Food & Drinks,https://hypeauditor.com/youtube/UCFiYPUhUzLKoi-cZ0AwpjLA/
NOVRITSCH,4.7M,Animation,https://hypeauditor.com/youtube/UCAN9EtZF6VbQDUUz6OiUxqA/
Letupita725HD★,4.7M,null,https://hypeauditor.com/youtube/UC1AEadAUKi6Zt-G3PatrU-Q/
Adrian Bliss,4.7M,null,https://hypeauditor.com/youtube/UChYARX5Yj8CapM-F2Z2vPxA/
Sapnap,4.7M,Video games,https://hypeauditor.com/youtube/UCqynl7rdtktKMQESdSBmE-g/
Imbrandonfarris,4.7M,Humor,https://hypeauditor.com/youtube/UC3v6sjWuPxtW36jQ-if4OuA/
Dylan Lemay,4.7M,null,https://hypeauditor.com/youtube/UCWiXzvPDb5YqG7W0mr2TmlA/
"Tyler, The Creator",4.7M,Music & Dance,https://hypeauditor.com/youtube/UCsQBsZJltmLzlsJNG7HevBg/
Frog Leap Studios,4.7M,Music & Dance,https://hypeauditor.com/youtube/UC98tcedR6gULv8_b70WJKyw/
Serum,4.7M,Movies,https://hypeauditor.com/youtube/UCfRt399Q6kNLxS4YC8Xf8dw/
HigaTV,4.7M,Video games,https://hypeauditor.com/youtube/UCqNe2Mqtv5sNidn5hAAEfiQ/
Meg DeAngelis,4.7M,null,https://hypeauditor.com/youtube/UCJi_befq0YDYJ9fCeyHxJbg/
Alexis Tejada,4.7M,Health & Self Help,https://hypeauditor.com/youtube/UC-2PGzzS1Ggq_cvZan_hqpA/
Gibi ASMR,4.7M,ASMR,https://hypeauditor.com/youtube/UCE6acMV3m35znLcf0JGNn7Q/
Nat Geo WILD,4.7M,Animals & Pets,https://hypeauditor.com/youtube/UCDPk9MG2RexnOMGTD-YnSnA/
Mini Ladd,4.7M,Video games,https://hypeauditor.com/youtube/UCQCnMFr8uHBaMTaNBhych_A/
Moto Madness,4.6M,Animation,https://hypeauditor.com/youtube/UC5nVgiv6elz5GnS6MTr1tVA/
CinnamonToastKen,4.6M,Humor,https://hypeauditor.com/youtube/UCepq9z9ovYGxhNrvf6VMSjg/
Glamour,4.6M,null,https://hypeauditor.com/youtube/UCY9eEaH19ulZmdusctU1ejA/
The Bentist,4.6M,null,https://hypeauditor.com/youtube/UCoaI5is-bILT3XVctKl5hpA/
Doug DeMuro,4.6M,Autos & Vehicles,https://hypeauditor.com/youtube/UCsqjHFMB_JYTaEnf_vmTNqg/
123 GO Like!,4.6M,Humor,https://hypeauditor.com/youtube/UCu_ytbeyzLZfIKWr43QSb5A/
Law&Crime Network,4.6M,News & Politics,https://hypeauditor.com/youtube/UCz8K1occVvDTYDfFo7N5EZw/
Super Toons TV,4.6M,Movies,https://hypeauditor.com/youtube/UCL4xLe_SjcDccfpVeSRFGYQ/
The Furrha Family,4.6M,null,https://hypeauditor.com/youtube/UCoVhZLxKJXXUmaLdox2zrVQ/
Soft White Underbelly,4.6M,Animation,https://hypeauditor.com/youtube/UCCvcd0FYi58LwyTQP9LITpA/
Sketch,4.6M,Animation,https://hypeauditor.com/youtube/UCfw6CRDOg5xQsB-2QNC_KUA/
Laura Lee,4.6M,Fashion,https://hypeauditor.com/youtube/UCKMugoa0uHpjUuq14yOpagw/
One Voice Children's Choir,4.6M,Music & Dance,https://hypeauditor.com/youtube/UCRa07c47CSfHHC7DbXMgbuQ/
IMPACT Wrestling,4.6M,Sports,https://hypeauditor.com/youtube/UCOp8wkVqdrWbFYHjDv946QQ/
Insider Food,4.6M,Food & Drinks,https://hypeauditor.com/youtube/UCwiTOchWeKjrJZw7S1H__1g/
Bethel Music,4.6M,Music & Dance,https://hypeauditor.com/youtube/UCbertc-gMbkkHuSmg0qwnxw/
Key & Peele,4.6M,Movies,https://hypeauditor.com/youtube/UCdN4aXTrHAtfgbVG9HjBmxQ/
All Def,4.6M,Movies,https://hypeauditor.com/youtube/UC0vRcJh1-GQL_V4qm5F6xFw/
storybooth,4.6M,Animation,https://hypeauditor.com/youtube/UCWENB1OaGA9402PKzEVl0ow/
onlyjayus,4.6M,null,https://hypeauditor.com/youtube/UC4wOd-OGys-RKbv9FYFGRvA/
Doctor Youn,4.6M,Education,https://hypeauditor.com/youtube/UC9HQXWbt14wTdr_Tzc8ZE0A/
No Jumper,4.6M,Humor,https://hypeauditor.com/youtube/UCNNTZgxNQuBrhbO0VrG8woA/
GloZell Green,4.6M,null,https://hypeauditor.com/youtube/UC7FhOuPmxz8spz_xvJf_xow/
Formula,4.6M,Video games,https://hypeauditor.com/youtube/UCvEJMJaCbuq4a6_I-Rixc0Q/
KYLE HANAGAMI,4.6M,Music & Dance,https://hypeauditor.com/youtube/UCGzGbfhdFsjP1yfJUEpSvWg/
Joe Porter,4.6M,Music & Dance,https://hypeauditor.com/youtube/UCnvzajWXCAOAq_Y1jNLFQXg/
Hyram,4.6M,Beauty,https://hypeauditor.com/youtube/UC2sYit3cZ2CuD_8FHYH7O_Q/
Discovery UK,4.6M,null,https://hypeauditor.com/youtube/UC9cGX5x0_EXkdfmWlvPbu3g/
20th Century Studios,4.6M,null,https://hypeauditor.com/youtube/UC2-BeLxzUBSs0uSrmzWhJuQ/
DW News,4.6M,News & Politics,https://hypeauditor.com/youtube/UCknLrEdhRCp1aegoMqRaCZg/
Edwin Sarkissian,4.6M,Video games,https://hypeauditor.com/youtube/UCIOGCEG14rj9GpIFhszkWoQ/
"Dad, how do I?",4.6M,null,https://hypeauditor.com/youtube/UCNepEAWZH0TBu7dkxIbluDw/
Khoa Pug,4.5M,Humor,https://hypeauditor.com/youtube/UCAGikSCgqbeIXCvoXixWovQ/
TimTheTatman,4.9M,Animation,https://hypeauditor.com/youtube/UCXBE_QQSZueB8082ml5fslg/
JablinskiGames,4.9M,null,https://hypeauditor.com/youtube/UCuriCa9loP_OsH75_5j8M5w/
Jarrett Stod,4.9M,null,https://hypeauditor.com/youtube/UC1pYFrBsRJnoSwQIQ2kbN6A/
ICM Entertainment,4.9M,Music & Dance,https://hypeauditor.com/youtube/UCaqULXPDXdu561DMeWFq5Fw/
Sambucha,4.9M,null,https://hypeauditor.com/youtube/UCWBWgCD4oAqT3hUeq40SCUw/
Clay Mixer,4.9M,null,https://hypeauditor.com/youtube/UCoaQyWkyU2juENnwone6uuQ/
ConnorFranta,4.9M,Daily vlogs,https://hypeauditor.com/youtube/UCudeRz9YntRrmKBSqnHyKGQ/
Manny Mua,4.9M,Beauty,https://hypeauditor.com/youtube/UCbO9bltbkYwa56nZFQx6XJg/
Austin Mahone,4.9M,Animation,https://hypeauditor.com/youtube/UC1sqAR9qukJuI5fCra6mP-A/
SML,4.9M,Movies,https://hypeauditor.com/youtube/UCnSWkrRWNQWNhDusoWr_HXQ/
BasicallyIDoWrk,4.9M,Video games,https://hypeauditor.com/youtube/UCbgtuRStKI_5ACSjubSTUPA/
CBS News,4.9M,News & Politics,https://hypeauditor.com/youtube/UC8p1vwvWtl6T73JiExfWs1g/
ToRung,4.9M,null,https://hypeauditor.com/youtube/UCXbYlU08sOTBktOtjVsvR6w/
THVL Phim,4.9M,Music & Dance,https://hypeauditor.com/youtube/UCrS7tv883mVqv07HKgVuwAA/
Dimucc,4.8M,null,https://hypeauditor.com/youtube/UC9tYJpGCSkzDt4HkPC4BtkA/
A Boogie Wit da Hoodie,4.8M,Music & Dance,https://hypeauditor.com/youtube/UCfgsFOdVScKetBXYrFNr5LQ/
Man + River,4.8M,Mystery,https://hypeauditor.com/youtube/UCV-KFx9A6HD7gZ3FoMNzt7g/
SBS TV동물농장x애니멀봐,4.8M,Animation,https://hypeauditor.com/youtube/UC22go5LdQEw-iDuxFb4C0hw/
FlightReacts,4.8M,Sports,https://hypeauditor.com/youtube/UC_k0qgMNIW2VmTQKjFsbXDw/
VTV24,4.8M,News & Politics,https://hypeauditor.com/youtube/UCabsTV34JwALXKGMqHpvUiA/
Avocado Couple Live,4.8M,null,https://hypeauditor.com/youtube/UCK7sniX2iZCF4-raoTv-Gsw/
Prestige Clips,4.8M,Animation,https://hypeauditor.com/youtube/UCC-uu-OqgYEx52KYQ-nJLRw/
Peachy,4.8M,Video games,https://hypeauditor.com/youtube/UCO8fQqYM_EeHxiGYONWt-fg/
Liên Quân Mobile eSports-Garena,4.8M,null,https://hypeauditor.com/youtube/UCpnQwjzvDm1MOMtZV2zkVpA/
Kindly Keyin,4.8M,Video games,https://hypeauditor.com/youtube/UCaEFegr3Rcs430VZWEoNstw/
AntsCanada,4.8M,Animals & Pets,https://hypeauditor.com/youtube/UCONd1SNf3_QqjzjCVsURNuA/
Be Smart,4.8M,Science & Technology,https://hypeauditor.com/youtube/UCH4BNI0-FOK2dMXoFtViWHw/
SHAYTARDS,4.8M,Movies,https://hypeauditor.com/youtube/UCJZ7f6NQzGKZnFXzFW9y9UQ/
HobbyFamilyTV,4.8M,Animation,https://hypeauditor.com/youtube/UCc-2P5tCezbxegb7gxp6EXg/
Troom Troom Vietnam,4.8M,Music & Dance,https://hypeauditor.com/youtube/UC3ZOEebvMhGBRmVvEcvrYKQ/
TheSeanWardShow,4.8M,Animation,https://hypeauditor.com/youtube/UCEvLUnQiH-i1XUNikh0Zm4g/
Logdotzip,4.8M,Video games,https://hypeauditor.com/youtube/UC2D-GCxeE69hCUmRwISXABw/
Twi Shorts,4.8M,null,https://hypeauditor.com/youtube/UCGa9YJJiR-Jec5y10GQxEPg/
Kiera Bridget,4.8M,Animation,https://hypeauditor.com/youtube/UCXEtdPqObuH2rXix3_SGelQ/
The Graham Norton Show,4.8M,Movies,https://hypeauditor.com/youtube/UC4PziMH5MvvsmqM0VCZTy-g/
JayPrehistoricPets,4.8M,null,https://hypeauditor.com/youtube/UCxmpUZtj2j93UuFALWE1q4w/
Live Speedy,4.8M,null,https://hypeauditor.com/youtube/UC2bW_AY9BlbYLGJSXAbjS4Q/
BeckBroJack,4.8M,Video games,https://hypeauditor.com/youtube/UC_cvTMeip9po2hZdF3aBXrA/
jacksfilms,4.8M,Movies,https://hypeauditor.com/youtube/UCPcFg7aBbaVzXoIKSNqwaww/
CalebCity,4.8M,Movies,https://hypeauditor.com/youtube/UCI1XS_GkLGDOgf8YLaaXNRA/
Timeline - World History Documentaries,4.8M,Education,https://hypeauditor.com/youtube/UC88lvyJe7aHZmcvzvubDFRg/
Adam Saleh Vlogs,4.7M,Humor,https://hypeauditor.com/youtube/UC-fouMSM9Zot3x8Hw2_Y5yw/
TheAngryGrandpaShow,4.7M,Animation,https://hypeauditor.com/youtube/UCPFVhmjjSkFhfstm2LghZIg/
Bob & Brad,4.7M,Fitness,https://hypeauditor.com/youtube/UCmTe0LsfEbpkDpgrxKAWbRA/
TV24h,4.7M,News & Politics,https://hypeauditor.com/youtube/UCUmRGR3a-g13O6pG927KQmg/
DW Documentary,4.7M,News & Politics,https://hypeauditor.com/youtube/UCW39zufHfsuGgpLviKh297Q/
Teen-Z,4.7M,null,https://hypeauditor.com/youtube/UCgJMDt2yFAtWAKOIqwihLlw/
The Icing Artist,4.7M,Animation,https://hypeauditor.com/youtube/UC500_29hTGKAj6GBmSoMiBw/
Gãy Media,4.7M,Animation,https://hypeauditor.com/youtube/UCTp_WPPxWCjdlXK9kqzxm0A/
Top Talent,4.7M,null,https://hypeauditor.com/youtube/UCD2GdZBCsUa0TIssLai6Skw/
Deestroying,5.1M,Sports,https://hypeauditor.com/youtube/UC4mLlRa_dezwvytudo9s1sw/
3Blue1Brown,5.1M,Science & Technology,https://hypeauditor.com/youtube/UCYO_jab_esuFRV4b17AJtAw/
LOL Network,5.1M,null,https://hypeauditor.com/youtube/UCLRmIdRJgLfmdpJufmBhBuA/
Daily Bumps,5.1M,Daily vlogs,https://hypeauditor.com/youtube/UCyCyTe_1bT2aIPwG_gxbyeg/
True Crime Daily,5.1M,Movies,https://hypeauditor.com/youtube/UC69uYUqvx-vw4luuX7aHNLQ/
Chris Smoove,5.1M,Sports,https://hypeauditor.com/youtube/UCnzbVkknmqhRqUKg7RDTDeg/
Roccibella,5.1M,null,https://hypeauditor.com/youtube/UCznTrr5_Jhs8ryRHNo50fBQ/
Tucker Budzyn,5.1M,Animation,https://hypeauditor.com/youtube/UCNSzfesc7IgWZwg4n6uXr1A/
TmarTn2,5.1M,Video games,https://hypeauditor.com/youtube/UC36MGPfPwOWafAXauiV4LdA/
The Kid LAROI.,5.1M,Music & Dance,https://hypeauditor.com/youtube/UC6G2vAJrt407lwiynW116Eg/
Let's Game It Out,5.1M,Video games,https://hypeauditor.com/youtube/UCto7D1L-MiRoOziCXK9uT5Q/
Hydraulic Press Channel,5.1M,null,https://hypeauditor.com/youtube/UCcMDMoNu66_1Hwi5-MeiQgw/
Gãy TV,5.1M,Humor,https://hypeauditor.com/youtube/UCzLr0-nMvZ2Mc3XgA_2b6hw/
Furious Pete,5.1M,Food & Drinks,https://hypeauditor.com/youtube/UCspJ-h5Mw9_zeEhJDzMpkkA/
JoshLilj,5.1M,null,https://hypeauditor.com/youtube/UCOs9JQ5-_V6GM5ZnjKnx5Tw/
Lexi Hensler,5M,Video games,https://hypeauditor.com/youtube/UC-O9o5coq8iFSVthivq__tw/
123 GO! FOOD,5M,Food & Drinks,https://hypeauditor.com/youtube/UCHAahQqEGNM-Usc4FJTAVdw/
Walk off the Earth,5M,Music & Dance,https://hypeauditor.com/youtube/UC9PEibgWOqZ-1I1JdxRmr6g/
Báo Thanh Niên,5M,News & Politics,https://hypeauditor.com/youtube/UCIW9cGgoRuGJnky3K3tbzNg/
Dax,5M,Music & Dance,https://hypeauditor.com/youtube/UCvvVOIyaYu2l4jiH9L8_eRw/
verbalase,5M,Animation,https://hypeauditor.com/youtube/UCRyS4kYdsaGcuFczzCjFXag/
The Fitness Marshall,5M,null,https://hypeauditor.com/youtube/UCyqR7WkL8i1b6xtSssDmW9w/
Lil Durk,5M,Music & Dance,https://hypeauditor.com/youtube/UCaxOQZrF5llUMp-JjesUz1A/
blndsundoll4mj,5M,Food & Drinks,https://hypeauditor.com/youtube/UCF2oW5-MO8dB6ul9WH9xi0A/
Rhett & Link,5M,Humor,https://hypeauditor.com/youtube/UCbochVIwBCzJb9I2lLGXGjQ/
MsMojo,5M,Movies,https://hypeauditor.com/youtube/UC3rLoj87ctEHCcS7BuvIzkQ/
BIBI TV,5M,Toys,https://hypeauditor.com/youtube/UCFcBDfR_dtmllkpcoYH2Rmg/
SVM SCHOOL,5M,Movies,https://hypeauditor.com/youtube/UCuKacIDMVOgvu23EH5q_Hqw/
Munchies,5M,Food & Drinks,https://hypeauditor.com/youtube/UCaLfMkkHhSA_LaCta0BzyhQ/
THVL Giải Trí,5M,Music & Dance,https://hypeauditor.com/youtube/UCruaM4824Rr_ry7fsD5Jwag/
Viva La Dirt League,5M,Movies,https://hypeauditor.com/youtube/UCchBatdUMZoMfJ3rIzgV84g/
Leah Ashe,5M,Video games,https://hypeauditor.com/youtube/UCyQVt6PHgeW2kmh7mYJfGdQ/
Stromedy,5M,Animation,https://hypeauditor.com/youtube/UCZhUolzN9vMdkjWrnT9DQ2A/
IULITMx,5M,null,https://hypeauditor.com/youtube/UCQdgVr3dEAeUvDbhSHAw4Gg/
Top 10s,5M,Education,https://hypeauditor.com/youtube/UCRyIP2oznv4UPAl1jmKS5kA/
Alec Benjamin,5M,Music & Dance,https://hypeauditor.com/youtube/UCtWBCzqucZXq0M8jsqunM0g/
Elevation Worship,5M,Music & Dance,https://hypeauditor.com/youtube/UCSf-NCzjwcnXErUBW_qeFvA/
Lui Calibre,4.9M,Animation,https://hypeauditor.com/youtube/UCcWl6q7rcJ9WoF_Kwmxg23A/
SwaggerSouls,4.9M,Video games,https://hypeauditor.com/youtube/UCMdGPato0IC5-zZjJIf-P9w/
KHƯƠNG DỪA CHANNEL,4.9M,Animation,https://hypeauditor.com/youtube/UCF3zCyOModLIKG1C9mg4hsQ/
La La Life,4.9M,Movies,https://hypeauditor.com/youtube/UCvHhQJcsnDEoVMZWA5xnRZA/
Jack Payne,4.9M,Video games,https://hypeauditor.com/youtube/UCmbTQB6UFr2AbPs0g0FmruA/
Kubz Scouts,4.9M,Animation,https://hypeauditor.com/youtube/UCZBY6V8Lxmwu8gGRBOyO11w/
Très drôle 2022,4.9M,null,https://hypeauditor.com/youtube/UCFEmsxrCYo3Ad5yQcXc0cyQ/
Oops Banana,4.9M,Animation,https://hypeauditor.com/youtube/UCuygBqDmC3r93ABO6BUMj6A/
How To Cook That,4.9M,Food & Drinks,https://hypeauditor.com/youtube/UCsP7Bpw36J666Fct5M8u-ZA/
Nguyễn Hương Ly Official,4.9M,Music & Dance,https://hypeauditor.com/youtube/UC1wpPoxnjKs2oI4yXw7X9Ew/
RodWave,4.9M,Music & Dance,https://hypeauditor.com/youtube/UCenjunBhBhvKjfDAESnoppw/
Red Arcade,4.9M,Animation,https://hypeauditor.com/youtube/UCHZZo1h1cI1vg4I9g2RqOUQ/
Gavin Magnus,4.9M,Movies,https://hypeauditor.com/youtube/UCsDUx3IrrXQI0CbfKMxTCww/
Shangerdanger,5.4M,Mystery,https://hypeauditor.com/youtube/UCk2s_j0cbkWy7bXRV3NLfZQ/
GameGrumps,5.4M,Animation,https://hypeauditor.com/youtube/UC9CuvdOVfMPvKCiwdGKL3cQ/
Brandon B,5.4M,null,https://hypeauditor.com/youtube/UCUnmH8N8k4E7y3dKfCzDKKg/
Trend Spot,5.4M,Video games,https://hypeauditor.com/youtube/UCjXFBw5ysBps77hpjGd81dQ/
Still Watching Netflix,5.4M,Movies,https://hypeauditor.com/youtube/UCGie8GMlUo3kBKIopdvumVQ/
TheOfficialLoganPaul,5.4M,Movies,https://hypeauditor.com/youtube/UCbwMZHCMpBiOWfYLBOH-9Qw/
JoBlo Movie Clips,5.4M,Movies,https://hypeauditor.com/youtube/UC6LDwTYRfjQwkakw5R95OyA/
Fitz,5.4M,Animation,https://hypeauditor.com/youtube/UCtb8P4rf_1n8KS8eZk_lNNw/
Jonni Valentayn,5.4M,Animals & Pets,https://hypeauditor.com/youtube/UCTwTF-woRHsXsmk4m798BkA/
Jeremy Ethier,5.4M,Fitness,https://hypeauditor.com/youtube/UCERm5yFZ1SptUEU4wZ2vJvw/
Onevilage,5.4M,null,https://hypeauditor.com/youtube/UCdVcQc_gdaXhlFx3UvG8pjA/
Oliver Tree,5.3M,Music & Dance,https://hypeauditor.com/youtube/UCHcb3FQivl6xCRcHC2zjdkQ/
Ridddle,5.3M,Science & Technology,https://hypeauditor.com/youtube/UC9Ep0Y4T5rvUuIfjKN1wqTw/
Popcorn,5.3M,null,https://hypeauditor.com/youtube/UCVjh0oZ3Ug5-s3WX1awxblQ/
JunsKitchen,5.3M,Food & Drinks,https://hypeauditor.com/youtube/UCRxAgfYexGLlu1WHGIMUDqw/
Breakfast Club Power 105.1 FM,5.3M,Movies,https://hypeauditor.com/youtube/UChi08h4577eFsNXGd3sxYhw/
French Montana,5.3M,Music & Dance,https://hypeauditor.com/youtube/UC-4mIX9ls8ROVk9ApfeYf5w/
Yo Mama,5.3M,Animation,https://hypeauditor.com/youtube/UCBMvWaA97BAegvJ_Hz6Vwuw/
FilmSpot Trailer,5.3M,Movies,https://hypeauditor.com/youtube/UCWOSgEKGpS5C026lY4Y4KGw/
Poke,5.3M,Video games,https://hypeauditor.com/youtube/UC8qNcrcCOpYIsWWwkX9mDGQ/
Gucci Mane,5.3M,Music & Dance,https://hypeauditor.com/youtube/UCSugZEYrWbzqIWGD195V-YA/
Chim Xinh channel,5.3M,DIY & Life Hacks,https://hypeauditor.com/youtube/UCfbLbMIfoy4Oq8Sj5HNzY7Q/
packattack04082,5.3M,Toys,https://hypeauditor.com/youtube/UCg_j7kndWLFZEg4yCqUWPCA/
BriannaPlayz,5.3M,Animation,https://hypeauditor.com/youtube/UCAtWPQw_rUROGGjEPSFboIA/
The Official Pokémon YouTube channel,5.3M,null,https://hypeauditor.com/youtube/UCFctpiB_Hnlk3ejWfHqSm6Q/
Mythic,5.3M,null,https://hypeauditor.com/youtube/UCAgNyzHvQllkZw4J3WJQd_A/
TOY PLANET - Hành tinh đồ chơi,5.3M,Toys,https://hypeauditor.com/youtube/UCm3WWxht28Rv8VvR-k-BYLw/
HiHo Kids,5.3M,Food & Drinks,https://hypeauditor.com/youtube/UCqa2MPu8bLY1PwVFUpSyVhQ/
GameSpot,5.3M,Movies,https://hypeauditor.com/youtube/UCbu2SsF-Or3Rsn3NxqODImw/
DEATH BATTLE!,5.2M,null,https://hypeauditor.com/youtube/UCB9_VH_CNbbH4GfKu8qh63w/
Jonas Brothers,5.2M,Music & Dance,https://hypeauditor.com/youtube/UCFvXnyAhluG3sa6p3eOs_LA/
Shark,5.2M,Video games,https://hypeauditor.com/youtube/UCQVwQQvz8O_0aeFDBVcdhpg/
LA LA SCHOOL,5.2M,Animation,https://hypeauditor.com/youtube/UC_np0YZuvNMIJceE6jHeggQ/
Glitch,5.2M,Animation,https://hypeauditor.com/youtube/UCicx_4RfqfiM07AXLv09Hww/
Phim HOT TK-L,5.2M,Music & Dance,https://hypeauditor.com/youtube/UCtsrmo89ctjbtENanK40yTQ/
Chuns Chuns,5.2M,null,https://hypeauditor.com/youtube/UCjDoYIFCtvlSBLAu74x02rQ/
ZackScottGames,5.2M,Video games,https://hypeauditor.com/youtube/UCzNhowpzT4AwyIW7Unk_B5Q/
xNestorio,5.2M,Video games,https://hypeauditor.com/youtube/UCEuN0IauvXNTn6KhP9AVJVw/
Chippy & Family,5.2M,null,https://hypeauditor.com/youtube/UCAhCvfihfURg47Ai4NCIr3A/
Hungry FAM,5.2M,null,https://hypeauditor.com/youtube/UCxN5YtNlPzfMNvJHgWImTUg/
Hope For Paws - Official Rescue Channel,5.2M,Animals & Pets,https://hypeauditor.com/youtube/UCdu8QrpJd6rdHU9fHl8J01A/
Brat TV,5.2M,Movies,https://hypeauditor.com/youtube/UCdnJJrDUl-y_ryelLMslxkQ/
NoahJ456,5.2M,Video games,https://hypeauditor.com/youtube/UCP9tAErY_RlX4RFKssE4ogg/
Jarvis,5.2M,Video games,https://hypeauditor.com/youtube/UCvxfEIG3PHpgM0TMJJ_SH-w/
TheDadLab,5.2M,Education,https://hypeauditor.com/youtube/UCc_-hy0u9-oKlNdMKHBudcQ/
FaZe Jev,5.2M,Video games,https://hypeauditor.com/youtube/UC7trU46U_9XPDtMnDbiDPUQ/
KEEMOKAZI,5.2M,Animation,https://hypeauditor.com/youtube/UCMOLiZpKXp-w5CNfqJObQUw/
Forge Labs,5.2M,Video games,https://hypeauditor.com/youtube/UCiSVf-UpLC9rRjAT1qRTW0g/
Thoughty2,5.2M,Science & Technology,https://hypeauditor.com/youtube/UCRlICXvO4XR4HMeEB9JjDlA/
Meditative Mind,5.2M,Music & Dance,https://hypeauditor.com/youtube/UCM0YvsRfYfsniGAhjvYFOSA/
Sand Tagious,5.7M,null,https://hypeauditor.com/youtube/UCMlSf7BCzfdRsIGAIpCnrXA/
Scammer Payback,5.7M,Humor,https://hypeauditor.com/youtube/UCC9EjyMN_hx5NdctLBx5X7w/
Megan Thee Stallion,5.7M,Music & Dance,https://hypeauditor.com/youtube/UCKrdjiuS66yXOdEZ_cOD_TA/
POPS Anime,5.7M,Movies,https://hypeauditor.com/youtube/UCkgdDBHO7zl3tWIjldQeK7g/
Avenged Sevenfold,5.7M,Music & Dance,https://hypeauditor.com/youtube/UCFcqi7MrlzIp9RMTtUlxE8g/
FamousTubeFamily,5.7M,Movies,https://hypeauditor.com/youtube/UC9aDY1QGeUQI6vR7ikm0KrA/
JOOGSQUAD PPJT,5.6M,null,https://hypeauditor.com/youtube/UCytZlLB3uBn2XFfXlN25zPg/
Mindy McKnight,5.6M,Daily vlogs,https://hypeauditor.com/youtube/UC2LgZ_4GzSFQS-3a87_Jc6w/
OWN,5.6M,Humor,https://hypeauditor.com/youtube/UCKBnlTTgEnhIXv_c4LvvyMQ/
TRẤN THÀNH TOWN,5.6M,Music & Dance,https://hypeauditor.com/youtube/UCqL0-EknCK4m5pHrH79fOcw/
Ben Shapiro,5.6M,News & Politics,https://hypeauditor.com/youtube/UCnQC_G5Xsjhp9fEJKuIcrSw/
MSNBC,5.6M,News & Politics,https://hypeauditor.com/youtube/UCaXkIU1QidjPwiAYu6GcHjg/
Scotty Kilmer,5.6M,Autos & Vehicles,https://hypeauditor.com/youtube/UCuxpxCCevIlF-k-K5YU8XPA/
Joyner Lucas,5.6M,Music & Dance,https://hypeauditor.com/youtube/UCUebubwSuTHfHjWJI4gCS9A/
TheBackyardScientist,5.6M,DIY & Life Hacks,https://hypeauditor.com/youtube/UC06E4Y_-ybJgBUMtXx8uNNw/
ElectroBOOM,5.6M,DIY & Life Hacks,https://hypeauditor.com/youtube/UCJ0-OtVpF0wOKEqT2Z1HEtA/
Disney,5.6M,null,https://hypeauditor.com/youtube/UC_5niPa-d35gg88HaS7RrIw/
MondoMedia,5.6M,null,https://hypeauditor.com/youtube/UCxLpKibphYqXrXpxAnR8MfA/
Tom Simons,5.6M,Video games,https://hypeauditor.com/youtube/UCJdxdc4MqvZRD9oFYoCl7wQ/
영국남자 Korean Englishman,5.6M,Food & Drinks,https://hypeauditor.com/youtube/UCg-p3lQIqmhh7gHpyaOmOiQ/
Ozzy Man Reviews,5.6M,Movies,https://hypeauditor.com/youtube/UCeE3lj6pLX_gCd0Yvns517Q/
Xiaomanyc 小马在纽约,5.6M,Movies,https://hypeauditor.com/youtube/UCLNoXf8gq6vhwsrYp-l0J-Q/
A for Adley - Learning & Fun,5.6M,Toys,https://hypeauditor.com/youtube/UCBJuxfqZuiibvcwSc8ViGsQ/
Kyle Exum,5.5M,Movies,https://hypeauditor.com/youtube/UCR9NuNwCUIhMOLUQnLN7_WA/
Unique Vibes,5.5M,Music & Dance,https://hypeauditor.com/youtube/UCn7Z0uhzGS1KjnO-sWml_dw/
Top 5 Best,5.5M,Education,https://hypeauditor.com/youtube/UCmvqviNx70U0l4ZcvUAXxhA/
Okanutie,5.5M,null,https://hypeauditor.com/youtube/UCnGdRTo6HhVtrbpe2EQgDNA/
ZHC Crafts,5.5M,null,https://hypeauditor.com/youtube/UCPAk4rqVIwg1NCXh61VJxbg/
Big Think,5.5M,Science & Technology,https://hypeauditor.com/youtube/UCvQECJukTDE2i6aCoMnS-Vg/
MeatCanyon,5.5M,Movies,https://hypeauditor.com/youtube/UC91V6D3nkhP89wUb9f_h17g/
Hoonigan,5.5M,Autos & Vehicles,https://hypeauditor.com/youtube/UCXlfi8sf6cKGQ8sOd0-yRuw/
briQle,5.5M,null,https://hypeauditor.com/youtube/UCrT0Q_oAAv5xbHB8LrUwz_g/
Bob Ross,5.5M,Design/art,https://hypeauditor.com/youtube/UCxcnsr1R5Ge_fbTu5ajt8DQ/
Jaze Cinema,5.5M,null,https://hypeauditor.com/youtube/UC3oPy4QGH5q9txrra13FjgQ/
JABBAWOCKEEZ OFFICIAL,5.5M,null,https://hypeauditor.com/youtube/UCbdkuPpLhaMO8-ASIULFFaA/
JeromeASF,5.5M,Video games,https://hypeauditor.com/youtube/UCrYnLkVfvVf0Qy0YOUQdk2A/
djvlad,5.5M,Movies,https://hypeauditor.com/youtube/UCg7lal8IC-xPyKfgH4rdUcA/
Animal Planet,5.5M,null,https://hypeauditor.com/youtube/UCkEBDbzLyH-LbB2FgMoSMaQ/
Cimorelli,5.5M,Music & Dance,https://hypeauditor.com/youtube/UCTKDB3h5zMdf_2siDHsd_yw/
Gravity Transformation - Fat Loss Experts,5.5M,Health & Self Help,https://hypeauditor.com/youtube/UC0CRYvGlWGlsGxBNgvkUbAg/
Ciara,5.5M,Music & Dance,https://hypeauditor.com/youtube/UClc5Eis2-L2JCcN62jmD21w/
ShuffleGamer,5.4M,null,https://hypeauditor.com/youtube/UCI2hA8WukW-Q90aabtm3Hbw/
Institute of Human Anatomy,5.4M,Science & Technology,https://hypeauditor.com/youtube/UCgBg0aacyJnw4qUnb1FlfEQ/
Discovery,5.4M,null,https://hypeauditor.com/youtube/UCqOoboPm3uhY_YXhvhmL-WA/
Boxoffice ANIMATION ☆ Movie Scenes,5.4M,Movies,https://hypeauditor.com/youtube/UCzNWVDZQ55bjq8uILZ7_wyQ/
Awesome Restorations,5.4M,DIY & Life Hacks,https://hypeauditor.com/youtube/UCsCCifMby57qV_UmrYGladQ/
The Young Turks,5.4M,News & Politics,https://hypeauditor.com/youtube/UC1yBKRuGpC1tSM73A0ZjYjQ/
Tana Mongeau,5.4M,Music & Dance,https://hypeauditor.com/youtube/UClWD8su9Sk6GzZDwy9zs3_w/
BuzzFeed Unsolved Network,5.4M,Movies,https://hypeauditor.com/youtube/UCKijjvu6bN1c-ZHVwR7-5WA/
Austin Evans,5.4M,Design/art,https://hypeauditor.com/youtube/UCXGgrKt94gR6lmN4aN3mYTg/
Milad Mirg,6.1M,Food & Drinks,https://hypeauditor.com/youtube/UCWLu3q9FEmPPYKcUAxKZb2A/
Entertainment Tonight,6.1M,Music & Dance,https://hypeauditor.com/youtube/UCdtXPiqI2cLorKaPrfpKc4g/
x2Twins,6M,Animation,https://hypeauditor.com/youtube/UCTgQTM6B97Tk5FPNOWZMB1Q/
DIEN QUAN Comedy / Hài,6M,Humor,https://hypeauditor.com/youtube/UCwmurIyZ6FHyVPtKppe_2_A/
Shot of The Yeagers,6M,Movies,https://hypeauditor.com/youtube/UCXzblaNPtmDBc1QN01fSTzw/
Jacob Colvin,6M,Toys,https://hypeauditor.com/youtube/UCUw4K8hh4No3ks8wxfqj-uQ/
J97,6M,Music & Dance,https://hypeauditor.com/youtube/UChUJa1JyBc7Lc4orkiNKKQg/
TheAtlanticCraft,6M,Video games,https://hypeauditor.com/youtube/UC4f1zAG2BTkfOQV4_nFbpBQ/
Architectural Digest,6M,Design/art,https://hypeauditor.com/youtube/UC0k238zFx-Z8xFH0sxCrPJg/
Univision,6M,Music & Dance,https://hypeauditor.com/youtube/UCcEWv_J2SEU8XO2tEm4Phgw/
Cody Ko,6M,Animation,https://hypeauditor.com/youtube/UCfp86n--4JvqKbunwSI2lYQ/
YouTube Creators,6M,News & Politics,https://hypeauditor.com/youtube/UCkRfArvrzheW2E7b6SVT7vQ/
RHINO,6M,Music & Dance,https://hypeauditor.com/youtube/UCWEtnEiVwUy7mwFeshyAWLA/
PONY Syndrome,6M,null,https://hypeauditor.com/youtube/UCT-_4GqC-yLY1xtTHhwY0hA/
Simon's Cat,6M,Animals & Pets,https://hypeauditor.com/youtube/UCH6vXjt-BA7QHl0KnfL-7RQ/
Official World of Dance,5.9M,null,https://hypeauditor.com/youtube/UC8xib1EjaAbsstncxXSUNZg/
Tom Scott,5.9M,Education,https://hypeauditor.com/youtube/UCBa659QWEk1AI4Tg--mrJ2A/
Silo Entertainment,5.9M,Video games,https://hypeauditor.com/youtube/UCo8q1BVz59Yepk1QPGKLElA/
PostmodernJukebox,5.9M,Music & Dance,https://hypeauditor.com/youtube/UCORIeT1hk6tYBuntEXsguLg/
StevenCrowder,5.9M,News & Politics,https://hypeauditor.com/youtube/UCIveFvW-ARp_B_RckhweNJw/
Daft Punk,5.9M,Music & Dance,https://hypeauditor.com/youtube/UC_kRDKYrUlrbtrSiyu5Tflg/
CGP Grey,5.9M,Education,https://hypeauditor.com/youtube/UC2C_jShtL725hvbm1arSV9w/
Peter McKinnon,5.9M,Daily vlogs,https://hypeauditor.com/youtube/UC3DkFux8Iv-aYnTRWzwaiBA/
MARKO,5.9M,null,https://hypeauditor.com/youtube/UCBlbxksRa-KRSEKLi6foxjQ/
Random Hands,5.8M,null,https://hypeauditor.com/youtube/UCrI3dm4qgAEV67Jc6797WIA/
Anthony & Ana,5.8M,Humor,https://hypeauditor.com/youtube/UC9RfFnZa7EPPkxb3hX32rFA/
Lifetime,5.8M,Movies,https://hypeauditor.com/youtube/UCpYF_3dMxbTukeCG2GsgPbA/
افلام كرتون كيدو,5.8M,Animation,https://hypeauditor.com/youtube/UCEof7Z2iOP48t9a0HYoek7A/
XpertThief,5.8M,Video games,https://hypeauditor.com/youtube/UCDwujczvdxbbVHg-V4-kC-A/
Braille Skateboarding,5.8M,Video games,https://hypeauditor.com/youtube/UC9PgszLOAWhQC6orYejcJlw/
Russ,5.8M,Music & Dance,https://hypeauditor.com/youtube/UCiIETTq2It3OzW8_WYRPTyQ/
Funny Club TV,5.8M,null,https://hypeauditor.com/youtube/UCJquRn5s6Wl79JLpFtCz7Hw/
백종원 PAIK JONG WON,5.8M,Food & Drinks,https://hypeauditor.com/youtube/UCyn-K7rZLXjGl7VXGweIlcA/
Yellow Blogger,5.8M,Daily vlogs,https://hypeauditor.com/youtube/UCdAaI10sNoTH1RDyMPXL5IA/
DIEN QUAN Entertainment / Giải Trí,5.8M,null,https://hypeauditor.com/youtube/UCA3GtNtuKvcj6VrwZ5Gpx9g/
Adhemz,5.7M,Music & Dance,https://hypeauditor.com/youtube/UCwKHygfd3opN04saX8qGRjQ/
Anna McNulty,5.7M,Fitness,https://hypeauditor.com/youtube/UCPIavfNa4DTfHXDBaFOHuKA/
dope2111,5.7M,Beauty,https://hypeauditor.com/youtube/UC_GvMVffgctSISDkeWlKhXQ/
Fall Out Boy,5.7M,Music & Dance,https://hypeauditor.com/youtube/UC2qWxZHgnlwDvcmLqP23jrA/
Top5Gaming,5.7M,Animation,https://hypeauditor.com/youtube/UCYn6CZe5UGIyPe9WJb0pTrg/
Shiloh & Bros,5.7M,Animation,https://hypeauditor.com/youtube/UCn3AViOfcFN4zIICMC5hvPg/
SMii7Y,5.7M,Animation,https://hypeauditor.com/youtube/UCzXwjTI6c6mVn6oui_p6oiw/
123 GO! SCHOOL,5.7M,Animation,https://hypeauditor.com/youtube/UC2sloW3tudsSaEpxiqd9hTQ/
Bodybuilding.com,5.7M,Fitness,https://hypeauditor.com/youtube/UC97k3hlbE-1rVN8y56zyEEA/
A Plus School,5.7M,null,https://hypeauditor.com/youtube/UCWQaDiVUXywva_9my1DTJ5A/
Mully,5.7M,Animation,https://hypeauditor.com/youtube/UC42vK81HwLY-udUEJYz7efg/
MDMotivator,5.7M,Movies,https://hypeauditor.com/youtube/UCV60-YzrBdQBKHxvgeu9sIw/
Denitslava Makeup,5.7M,Beauty,https://hypeauditor.com/youtube/UCXoY0ZeHZBe0p-ByCiYP_XQ/
Looper,5.7M,Movies,https://hypeauditor.com/youtube/UCP1iRaFlS5EYjJBryFV9JPw/
Kyoot,5.7M,Movies,https://hypeauditor.com/youtube/UCI8V0wOaigGdBpv5uk7DxxQ/
Bon Appétit,6.3M,Food & Drinks,https://hypeauditor.com/youtube/UCbpMy0Fg74eXXkvxJrtEn3w/
Primitive Survival Tool,6.3M,Daily vlogs,https://hypeauditor.com/youtube/UC6vasuRFx3t3NTISG6iwUeA/
America's Funniest Home Videos,6.3M,null,https://hypeauditor.com/youtube/UC_zEzzq54Rm0iy7lmmZbCIg/
Alicia Keys,6.3M,null,https://hypeauditor.com/youtube/UCK5X3f0fxO4YnVKVZP8p6hg/
Green Day,6.3M,Music & Dance,https://hypeauditor.com/youtube/UCqC_GY2ZiENFz2pwL0cSfAw/
The Rock,6.3M,Sports,https://hypeauditor.com/youtube/UCBdw4dLCLLHmTgAOnW4V0hQ/
Brandon Rogers,6.3M,Animation,https://hypeauditor.com/youtube/UCywhnhPP3dAw7huG_y0hdEg/
Nucleus Medical Media,6.3M,Animation,https://hypeauditor.com/youtube/UC85VW73bQLEjs_taFKP7TwQ/
devinsupertramp,6.2M,Movies,https://hypeauditor.com/youtube/UCwgURKfUA7e0Z7_qE3TvBFQ/
Yellow Brick Cinema - Relaxing Music,6.2M,Music & Dance,https://hypeauditor.com/youtube/UCwobzUc3z-0PrFpoRxNszXQ/
Maangchi,6.2M,Food & Drinks,https://hypeauditor.com/youtube/UC8gFadPgK2r1ndqLI04Xvvw/
Adam Savage’s Tested,6.2M,Design/art,https://hypeauditor.com/youtube/UCiDJtJKMICpb9B1qf7qjEOA/
Jester,6.2M,Movies,https://hypeauditor.com/youtube/UCKIL4dMp2qbWElEEZHK-aug/
TheFatRat,6.2M,Music & Dance,https://hypeauditor.com/youtube/UCa_UMppcMsHIzb5LDx1u9zQ/
Gabriel Iglesias,6.2M,Movies,https://hypeauditor.com/youtube/UCUxc0iEpV8wZV4WLOui0RwQ/
Dr. Phil,6.2M,Movies,https://hypeauditor.com/youtube/UCYLR1ghzYNyvfjw78raCuxA/
NLE CHOPPA,6.2M,Music & Dance,https://hypeauditor.com/youtube/UCWICXNlSLc7eeNazpzUZcLg/
Charisma on Command,6.2M,Movies,https://hypeauditor.com/youtube/UCU_W0oE_ock8bWKjALiGs8Q/
Mr. Nightmare,6.2M,ASMR,https://hypeauditor.com/youtube/UCnM02drQP-dF7WMgtJHR4Xw/
SeanDoesMagic,6.2M,Animation,https://hypeauditor.com/youtube/UC3IjgjgWtpLTCrR0shGXKVg/
Prince Ea,6.2M,null,https://hypeauditor.com/youtube/UCDgUAAHgsV2fFZQm2fIWBnA/
WOA Doll Crafts,6.2M,null,https://hypeauditor.com/youtube/UCFLHD_brc3GX49iZ9UOzrxQ/
TheDooo,6.2M,Animation,https://hypeauditor.com/youtube/UCPKgIhTC3BdkAwMw6s-GEug/
Zedd,6.2M,Music & Dance,https://hypeauditor.com/youtube/UCPNokRZ9hacjIQ3IQL6HNUQ/
merrelltwins,6.2M,Humor,https://hypeauditor.com/youtube/UCwtnkRZcvL4bfopzJ-Von8Q/
Great Big Story,6.2M,Daily vlogs,https://hypeauditor.com/youtube/UCajXeitgFL-rb5-gXI-aG8Q/
Skeppy,6.2M,Animation,https://hypeauditor.com/youtube/UCzMjRlKVO9XIqH_crIFpi6w/
The Organic Chemistry Tutor,6.2M,Animation,https://hypeauditor.com/youtube/UCEWpbFLzoYGPfuWUMFPSaoA/
Thuy Nga,6.2M,Music & Dance,https://hypeauditor.com/youtube/UC7nMrW3baKp0dA5Tz9ulVYQ/
BENOFTHEWEEK,6.2M,Humor,https://hypeauditor.com/youtube/UC_UnVDztkvE1hw064XFTNSQ/
Chills,6.1M,Movies,https://hypeauditor.com/youtube/UCN64HIrZNqFQYZ2BuyY-4zg/
Matt Larose,6.1M,null,https://hypeauditor.com/youtube/UCATWUurs5SImDMX_prUtxng/
Ivanita Lomeli,6.1M,Animation,https://hypeauditor.com/youtube/UCkNMthZPrgH-uaeklZzUSiw/
FaZe Apex,6.1M,Animation,https://hypeauditor.com/youtube/UCa7507M549AiDKN8J89tn5A/
Life with Brothers,6.1M,Toys,https://hypeauditor.com/youtube/UC66qTRH20AvahadBgw5YYyQ/
LankyBox World,6.1M,Video games,https://hypeauditor.com/youtube/UC-UXd3xaj1I_yTvufcMdDAA/
Corridor Crew,6.1M,Movies,https://hypeauditor.com/youtube/UCSpFnDQr88xCZ80N-X7t0nQ/
CGMeetup,6.1M,Music & Dance,https://hypeauditor.com/youtube/UCrSvhrtUgpZT3EU0x1Zoy-w/
Carli Bybel,6.1M,Fashion,https://hypeauditor.com/youtube/UC21yq4sq8uxTcfgIxxyE9VQ/
Tannerites,6.1M,Animation,https://hypeauditor.com/youtube/UCUvEpOhD1BYa6J2dPZbEtTw/
Matthew Santoro,6.1M,News & Politics,https://hypeauditor.com/youtube/UCXhSCMRRPyxSoyLSPFxK7VA/
TikTokTunes,6.1M,Music & Dance,https://hypeauditor.com/youtube/UC9EgazNjxm-_3eydGQR45rQ/
Zon Zon,6.1M,null,https://hypeauditor.com/youtube/UCnEs7qMIqq97t8x03UBW-Yw/
Teachingmensfashion,6.1M,Humor,https://hypeauditor.com/youtube/UChNN7VBxPTiNrqjUaQd9bxA/
POPSUGAR Fitness,6.1M,Fitness,https://hypeauditor.com/youtube/UCBINFWq52ShSgUFEoynfSwg/
88rising,6.1M,null,https://hypeauditor.com/youtube/UCZW5lIUz93q_aZIkJPAC0IQ/
Complex,6.1M,null,https://hypeauditor.com/youtube/UCE_--R1P5-kfBzHTca0dsnw/
Danny Gonzalez,6.1M,Movies,https://hypeauditor.com/youtube/UCSUf5_EPEfl4zlBKZHkZdmw/
Jungle Survival,6.1M,null,https://hypeauditor.com/youtube/UC4E1gPBh0_eJ5oftWVsewZA/
Dead Meat,6.1M,Movies,https://hypeauditor.com/youtube/UC2IYWWifoIht9T47z1Z5lJw/
Backstreet Boys,6.7M,Music & Dance,https://hypeauditor.com/youtube/UC1OR2YNQLZJYFdQjFrPWvVw/
JonTronShow,6.7M,null,https://hypeauditor.com/youtube/UCdJdEguB1F1CiYe7OEi3SBg/
Eystreem,6.7M,Video games,https://hypeauditor.com/youtube/UC-g_O9HWb5B0rVDG1hLd5Hw/
Funk Bros,6.7M,Video games,https://hypeauditor.com/youtube/UCkrKW1_u0O8qSc3xsLoRHew/
Adult Swim,6.7M,Movies,https://hypeauditor.com/youtube/UCgPClNr5VSYC3syrDUIlzLw/
FitnessBlender,6.6M,Fitness,https://hypeauditor.com/youtube/UCiP6wD_tYlYLYh3agzbByWQ/
Sáo TV - Children's Music,6.6M,Music & Dance,https://hypeauditor.com/youtube/UCChgz-3siL4W3V9FW2sWEHQ/
SBS Drama,6.6M,Music & Dance,https://hypeauditor.com/youtube/UC6erIDuvbOaAO-OT5rB2Xew/
Life of Sammie & Summer,6.6M,null,https://hypeauditor.com/youtube/UCI8FQkQ-Iv73GZcsJ-6pNWw/
SypherPK,6.6M,Video games,https://hypeauditor.com/youtube/UC_q5WZtFp36adwqhKpZzxwQ/
Dangie Bros,6.6M,Video games,https://hypeauditor.com/youtube/UC495kynFX55dE0iorwV3RKQ/
YNW Melly,6.6M,Music & Dance,https://hypeauditor.com/youtube/UCelvBrvTHaZL_V6WuMkJDxQ/
Cooking With Lynja,6.6M,null,https://hypeauditor.com/youtube/UCjvGPQTRr2eIEhthL5y31VQ/
FilmPop,6.5M,null,https://hypeauditor.com/youtube/UCwv1UIJrDfK3ea5MD57MF4g/
Lance Stewart,6.5M,Humor,https://hypeauditor.com/youtube/UC6-NBhOCP8DJqnpZE4TNE-A/
Triple Charm,6.5M,Music & Dance,https://hypeauditor.com/youtube/UCVVMMNVUwHbxljqi-xZ-jig/
PAS Magic,6.5M,Animation,https://hypeauditor.com/youtube/UC3xjWr5aCjxbjg1JYxmeyRQ/
motivationaldoc,6.5M,Health & Self Help,https://hypeauditor.com/youtube/UCKcWSiffY8MpZ3NKav8LeRA/
Devon Rodriguez,6.5M,Daily vlogs,https://hypeauditor.com/youtube/UCO-KlzrUGhZACLpcBWfQ-2g/
Su Hao,6.5M,null,https://hypeauditor.com/youtube/UCMMvwLa0iHtOhIGAb9O_DKA/
camman18,6.5M,null,https://hypeauditor.com/youtube/UCiZ2z8F8ilr6SC7lOaxAQ4g/
DashieGames,6.5M,Animation,https://hypeauditor.com/youtube/UCERUmrDh9hmqEXBsnYFNTIA/
SpaceX,6.5M,News & Politics,https://hypeauditor.com/youtube/UCtI0Hodo5o5dUb67FeUjDeA/
Kitchen Nightmares,6.5M,Food & Drinks,https://hypeauditor.com/youtube/UCUZzyuAlhHNP3oiuMjn7RfQ/
Rasmey Hang Meas,6.5M,Music & Dance,https://hypeauditor.com/youtube/UCHwYHdX37UUt6d9e1wAp9Bw/
The Beverly Halls,6.5M,null,https://hypeauditor.com/youtube/UCJl0idSupgyRNT9uKfS9bxA/
TG Plays,6.4M,Video games,https://hypeauditor.com/youtube/UCqVCSWnuOSPm26orvNDTuWQ/
5 분 Tricks,6.4M,null,https://hypeauditor.com/youtube/UC03jtg6Imz882ZCPnB7bZ0w/
ANTV - Truyền hình Công an Nhân dân,6.4M,News & Politics,https://hypeauditor.com/youtube/UCIg56SgvoZF8Qg0Jx_gh6Pg/
ONE Championship,6.4M,Sports,https://hypeauditor.com/youtube/UCiormkBf3jm6mfb7k0yPbKA/
Boom Slime,6.4M,Daily vlogs,https://hypeauditor.com/youtube/UCr-lBWA_uyrXhWLiN_Rq1-A/
dayta,6.4M,null,https://hypeauditor.com/youtube/UC_WyXJkQH4ZytSn3EufdHNA/
tlc uk,6.4M,null,https://hypeauditor.com/youtube/UC2vlpX8sNDBmPcY_1_QSGJg/
Ayo & Teo,6.4M,Music & Dance,https://hypeauditor.com/youtube/UCB_Mdi3acqKLRR8zKFkqKoA/
Russell Brand,6.4M,News & Politics,https://hypeauditor.com/youtube/UCswH8ovgUp5Bdg-0_JTYFNw/
Lena Slime,6.4M,Daily vlogs,https://hypeauditor.com/youtube/UCTM-p_LO8fsbLRMFqitWqBA/
NhacPro Tube,6.4M,Music & Dance,https://hypeauditor.com/youtube/UCBZjBKNMZoFih4ubdiIDWLw/
Philip DeFranco,6.3M,News & Politics,https://hypeauditor.com/youtube/UClFSU9_bUb4Rc6OYfTt5SPw/
Cool Tool,6.3M,null,https://hypeauditor.com/youtube/UCTrOpeOhIAQVCyAh05DkHXQ/
Jazza,6.3M,Design/art,https://hypeauditor.com/youtube/UCHu2KNu6TtJ0p4hpSW7Yv7Q/
Bionic,6.3M,Video games,https://hypeauditor.com/youtube/UCETZ7OiW7-wqwb-6hsz3C4w/
Donald Glover,6.3M,Music & Dance,https://hypeauditor.com/youtube/UC20LoHy2mX0LQODrkUalxVQ/
Brawadis,6.3M,Video games,https://hypeauditor.com/youtube/UCvtRTOMP2TqYqu51xNrqAzg/
steveo,6.3M,Movies,https://hypeauditor.com/youtube/UCt54Hzhj7RpCWOYpoFJLKAQ/
Coby Persin,6.3M,Animation,https://hypeauditor.com/youtube/UC-DUrA-h7-s_C57ECJ1BFPA/
Trav and Cor,6.3M,Humor,https://hypeauditor.com/youtube/UCfFsZu7Ed20xKDOmzdpF3EQ/
Desiigner LOD,6.3M,Music & Dance,https://hypeauditor.com/youtube/UCAfvFXvjzEupwo2NtyDhRZA/
Sr Pelo,6.3M,Animation,https://hypeauditor.com/youtube/UCt-GOpCw4dOBlIyqL9A1ztA/
MISTHY TV,6.3M,Music & Dance,https://hypeauditor.com/youtube/UCctVE0w6y1AAwx7ueaN7bhg/
RDCworld1,6.3M,Movies,https://hypeauditor.com/youtube/UC4G10tk3AHFuyMIuD3rHOBA/
AnthonyPadilla,7.1M,Education,https://hypeauditor.com/youtube/UCPJHQ5_DLtxZ1gzBvZE99_g/
YOGSCAST Lewis & Simon,7.1M,Video games,https://hypeauditor.com/youtube/UCH-_hzb2ILSCo9ftVSnrCIQ/
Justin Flom,7.1M,Animation,https://hypeauditor.com/youtube/UCb9A6uotqUiuVCvVp4GMqOg/
GameToons,7.1M,Animation,https://hypeauditor.com/youtube/UCToxKVrkEuAONR4rFIJ_DyQ/
Danny Duncan,7.1M,null,https://hypeauditor.com/youtube/UC94lW_-Hr_uA7RcJ3D-WPOg/
iJustine,7.1M,null,https://hypeauditor.com/youtube/UCey_c7U86mJGz1VJWH5CYPA/
The Piano Guys,7.1M,Music & Dance,https://hypeauditor.com/youtube/UCmKurapML4BF9Bjtj4RbvXw/
Michael Reeves,7.1M,null,https://hypeauditor.com/youtube/UCtHaxi4GTYDpJgMSGy7AeSw/
JVKE,7.1M,Music & Dance,https://hypeauditor.com/youtube/UCSOfUqPoqpp5aWDDnAyv94g/
LDShadowLady,7.1M,Video games,https://hypeauditor.com/youtube/UCzTlXb7ivVzuFlugVCv3Kvg/
EvanTubeHD,7M,Toys,https://hypeauditor.com/youtube/UCHa-hWHrTt4hqh-WiHry3Lw/
Brooklyn and Bailey,7M,Humor,https://hypeauditor.com/youtube/UC6QWhGQqf0YDYdRb0n6ojWw/
JiDion,7M,Video games,https://hypeauditor.com/youtube/UCvj3hNvwrEgTRkeut7_cBAQ/
iHasCupquake,7M,null,https://hypeauditor.com/youtube/UCqg2eLFNUu3QN3dttNeOWkw/
Jeremy Hutchins,7M,Animation,https://hypeauditor.com/youtube/UC6xSN0oY2I9U_9xTo2RjE7g/
Phương Hữu Dưỡng,7M,Animation,https://hypeauditor.com/youtube/UC7mc9-vty5WAeIYi0PIkONg/
PlataBush,7M,null,https://hypeauditor.com/youtube/UCwRohIVTsUkC23qRZVBbS0g/
Tool_Tips,7M,Daily vlogs,https://hypeauditor.com/youtube/UCGLDtG2tl0uG8P0eNstbLUA/
Pixar,6.9M,Movies,https://hypeauditor.com/youtube/UC_IRYSp4auq7hKLvziWVH6w/
Dixie D'Amelio,6.9M,Music & Dance,https://hypeauditor.com/youtube/UCLOEGprmycLLbyzBj2jozLg/
Kluna Tik 2,6.9M,null,https://hypeauditor.com/youtube/UCC8Di_yHmWS2CwkhejC62LQ/
Matt Slays,6.9M,Video games,https://hypeauditor.com/youtube/UCvo9oZCTg_UaTQbhyXkXX3w/
Tiko,6.9M,Animation,https://hypeauditor.com/youtube/UCW0wEGsLzmIgvQDOXgaz4vg/
DaveHax,6.9M,DIY & Life Hacks,https://hypeauditor.com/youtube/UC0rDDvHM7u_7aWgAojSXl1Q/
Bailey Sarian,6.9M,Beauty,https://hypeauditor.com/youtube/UCtNdVINwfYFTQEEZgMiQ8FA/
Entertainment Access,6.9M,Movies,https://hypeauditor.com/youtube/UCA0MDADBWmCFro3SXR5mlSg/
Epic Meal Time,6.9M,Food & Drinks,https://hypeauditor.com/youtube/UCYjk_zY-iYR8YNfJmuzd70A/
Tyler Oakley,6.8M,Humor,https://hypeauditor.com/youtube/UCvVuqRzGVqRlmZYlTf99M_w/
Screen Junkies,6.8M,Movies,https://hypeauditor.com/youtube/UCOpcACMWblDls9Z6GERVi1A/
Lizzy Capri,6.8M,Video games,https://hypeauditor.com/youtube/UCXOSzGyN3EPZfKE2hujeIYA/
MixiGaming,6.8M,Music & Dance,https://hypeauditor.com/youtube/UCA_23dkEYToAc37hjSsCnXA/
Jordan B Peterson,6.8M,Science & Technology,https://hypeauditor.com/youtube/UCL_f53ZEJxp8TtlOkHwMV9Q/
Shroud,6.8M,Video games,https://hypeauditor.com/youtube/UCoz3Kpu5lv-ALhR4h9bDvcw/
Andre se hace Gamer,6.8M,Video games,https://hypeauditor.com/youtube/UC45TGakhd-QcI_Y3WLMz3-g/
GrayStillPlays,6.8M,Animation,https://hypeauditor.com/youtube/UCzEy7pi3B7TIS9cn_sdKK9A/
SMG4,6.8M,Movies,https://hypeauditor.com/youtube/UC8LcA3grYZg0GNpxlXh8owg/
5 PHÚT THỦ CÔNG,6.8M,null,https://hypeauditor.com/youtube/UClLz5ZzYuTMSMziJtwQ5fGA/
TheThings,6.8M,Movies,https://hypeauditor.com/youtube/UC4qGmRZ7aLOLfVsSdj5Se2A/
RealLifeLore,6.8M,Travel,https://hypeauditor.com/youtube/UCP5tjEmvPItGyLhmjdwP7Ww/
Jeenie.Weenie,6.8M,null,https://hypeauditor.com/youtube/UCWc8CackfCo4q46FpEWBcPg/
EddieVR,6.8M,Animation,https://hypeauditor.com/youtube/UCYHnYO50VV8SzsmQq5PChRA/
Sernando,6.8M,Animation,https://hypeauditor.com/youtube/UCKIZCD7ljjbzaWSrDMT0QPw/
FatTV,6.8M,null,https://hypeauditor.com/youtube/UCUR8Hid3gm05upmtk4LrgpQ/
Nick Eh 30,6.8M,Video games,https://hypeauditor.com/youtube/UCt9nYeSz90lnOnaVFjxFJzw/
alpha m.,6.7M,Health & Self Help,https://hypeauditor.com/youtube/UC1KbedtKa3d5dleFR6OjQMg/
Noticias Telemundo,6.7M,News & Politics,https://hypeauditor.com/youtube/UCRwA1NUcUnwsly35ikGhp0A/
The Vibe Guide,6.7M,null,https://hypeauditor.com/youtube/UCxH0sQJKG6Aq9-vFIPnDZ2A/
Ghiền Mì Gõ,6.7M,Movies,https://hypeauditor.com/youtube/UCq6ApdQI0roaprMAY1gZTgw/
Sony Pictures Entertainment,6.7M,null,https://hypeauditor.com/youtube/UCz97F7dMxBNOfGYu3rx8aCw/
SlenderMan™,6.7M,Animation,https://hypeauditor.com/youtube/UCtr3boXbtzcDAzY9b6M25NA/
AWESMR pop,7.7M,DIY & Life Hacks,https://hypeauditor.com/youtube/UClkUrNgGC4BD6pWURJbM9MQ/
AaronsAnimals,7.7M,null,https://hypeauditor.com/youtube/UCNo5PGwGmfnEprEUUb9AGgw/
NBC News,7.7M,News & Politics,https://hypeauditor.com/youtube/UCeY0bbntWzzVIaj2z3QigXg/
Univision Noticias,7.7M,ASMR,https://hypeauditor.com/youtube/UC32TdiIsh_5X8tKr_9rKQyA/
JerryRigEverything,7.7M,DIY & Life Hacks,https://hypeauditor.com/youtube/UCWFKCr40YwOZQx8FHU_ZqqQ/
LTT Nerf War,7.6M,Animation,https://hypeauditor.com/youtube/UCEBxKea8z-2H6I5x7X342qQ/
Tencent Video,7.6M,Movies,https://hypeauditor.com/youtube/UCQatgKoA7lylp_UzvsLCgcw/
Flashback FM,7.6M,Movies,https://hypeauditor.com/youtube/UC-GAhNmY6bkuuRPUSaRI_oQ/
THENX,7.6M,Fitness,https://hypeauditor.com/youtube/UCqjwF8rxRsotnojGl4gM0Zw/
mrnigelng,7.6M,Food & Drinks,https://hypeauditor.com/youtube/UCVjlpEjEY9GpksqbEesJnNA/
John Legend,7.6M,Music & Dance,https://hypeauditor.com/youtube/UCEa-JnNdYCIFn3HMhjGEWpQ/
JStu,7.6M,Video games,https://hypeauditor.com/youtube/UCZpRTwgtk1H0cUAWrHZ1gzg/
RoomieOfficial,7.6M,Music & Dance,https://hypeauditor.com/youtube/UC9SVhrnsGxWwiBRWT9c7Ozw/
Donut,7.6M,Autos & Vehicles,https://hypeauditor.com/youtube/UCL6JmiMXKoXS6bpP1D3bk8g/
Bhad Bhabie,7.6M,Music & Dance,https://hypeauditor.com/youtube/UC7rVvFP90pl7tAtPsVIhfww/
gameranx,7.6M,Video games,https://hypeauditor.com/youtube/UCNvzD7Z-g64bPXxGzaQaa4g/
Monstercat Uncaged,7.5M,Music & Dance,https://hypeauditor.com/youtube/UCJ6td3C9QlPO9O_J5dF4ZzA/
Trinity and Beyond,7.5M,Animation,https://hypeauditor.com/youtube/UCCryrohClZM8XK4yEYBE_qA/
UnspeakablePlays,7.5M,Animation,https://hypeauditor.com/youtube/UC1n_yB_W-FZCbwajZPcs8Jw/
SciShow,7.5M,Science & Technology,https://hypeauditor.com/youtube/UCZYTClx2T1of7BRZ86-8fow/
Kay,7.5M,Video games,https://hypeauditor.com/youtube/UCFB-QxUdWLN3jxmfBHha9vQ/
KreekCraft,7.5M,Animation,https://hypeauditor.com/youtube/UCxsk7hqE_CwZWGEJEkGanbA/
AmusementForce,7.5M,Daily vlogs,https://hypeauditor.com/youtube/UCycM0Fd584iW3IpgCAjaSEw/
Team Edge,7.5M,Video games,https://hypeauditor.com/youtube/UCaRH3rDr3K3CEfhVqu5mgUQ/
MrBallen,7.5M,Movies,https://hypeauditor.com/youtube/UCtPrkXdtCM5DACLufB9jbsA/
Universal Pictures,7.4M,Movies,https://hypeauditor.com/youtube/UCq0OueAsdxH6b8nyAspwViw/
WION,7.4M,News & Politics,https://hypeauditor.com/youtube/UC_gUM8rL-Lrg6O3adPW9K1g/
Smosh Pit,7.4M,Humor,https://hypeauditor.com/youtube/UCYJPby9DRCteedh5tfxVbrw/
123 GO! CHALLENGE,7.4M,Toys,https://hypeauditor.com/youtube/UC_O-vmjpkom1m5shISID94g/
Papa Jake,7.4M,Video games,https://hypeauditor.com/youtube/UCANBW6ACWi9huiCfbKk1pbQ/
TLC,7.4M,null,https://hypeauditor.com/youtube/UCqf2gzmKtH3PaAbt-qgFFsw/
Call of Duty,7.4M,Animation,https://hypeauditor.com/youtube/UC9YydG57epLqxA9cTzZXSeQ/
SuperHeroKids,7.4M,Movies,https://hypeauditor.com/youtube/UCNLdqhBwGzscezZwsdcm0SA/
Nogla,7.4M,Video games,https://hypeauditor.com/youtube/UCvPW1W4WlpTgNezZzwIstLA/
Domics,7.4M,Animation,https://hypeauditor.com/youtube/UCn1XB-jvmd9fXMzhiA6IR0w/
Usher,7.4M,Music & Dance,https://hypeauditor.com/youtube/UCaNrhBiXsXIM2epDl_kEzgQ/
GQ,7.4M,null,https://hypeauditor.com/youtube/UCsEukrAd64fqA7FjwkmZ_Dw/
Smosh Games,7.4M,Humor,https://hypeauditor.com/youtube/UCJ2ZDzMRgSrxmwphstrm8Ww/
Professor Live,7.4M,Sports,https://hypeauditor.com/youtube/UC5zJwsFtEs9WYe3A76p7xIA/
videogamedunkey,7.3M,Animation,https://hypeauditor.com/youtube/UCsvn_Po0SmunchJYOWpOxMg/
The McCartys,7.3M,null,https://hypeauditor.com/youtube/UCJQsW7LeVEIDCEJU47NmXBA/
LaurenZside,7.3M,Animation,https://hypeauditor.com/youtube/UCeBnbqt4VRhotq2TQjkIi2A/
ThatWasEpic,7.3M,Animation,https://hypeauditor.com/youtube/UCSrnmu3W6YXWU_85DKT5arg/
Omar Raja - ESPN,7.3M,Sports,https://hypeauditor.com/youtube/UCx18ywTcohtS9lpNXt8noWQ/
hickok45,7.3M,News & Politics,https://hypeauditor.com/youtube/UCvB3solmhqtgDeLpD-yTtfg/
What If,7.3M,Science & Technology,https://hypeauditor.com/youtube/UCphTF9wHwhCt-BzIq-s4V-g/
Binge Society,7.3M,Movies,https://hypeauditor.com/youtube/UCOo_v3eVbfET7_zi2KLOP9g/
Skip the Tutorial,7.3M,Video games,https://hypeauditor.com/youtube/UC3xZYc4SZUGfRERIvDRGqDQ/
The Finest,7.2M,News & Politics,https://hypeauditor.com/youtube/UCUVa51UA_690sEKyRbHb-5A/
Chris Ramsay,7.1M,Movies,https://hypeauditor.com/youtube/UCrPUg54jUy1T_wII9jgdRbg/
LaurDIY,8.4M,null,https://hypeauditor.com/youtube/UCap97Ue8K_BpKlrvQRYd6JA/
Pipe Cleaner Crafts B,8.4M,null,https://hypeauditor.com/youtube/UCOuQbxT3ChGo6B_cJz9InRg/
Rae Sremmurd,8.4M,Music & Dance,https://hypeauditor.com/youtube/UC9iDw30SeRSm18kT98F5iAA/
Tati,8.4M,Beauty,https://hypeauditor.com/youtube/UC4qk9TtGhBKCkoWz5qGJcGg/
#Mind Warehouse,8.4M,Movies,https://hypeauditor.com/youtube/UCYenDLnIHsoqQ6smwKXQ7Hg/
Natalies Outlet,8.3M,null,https://hypeauditor.com/youtube/UCIOUkPJZtWThQBtkCRniSBw/
blogilates,8.3M,null,https://hypeauditor.com/youtube/UCIJwWYOfsCfz6PjxbONYXSg/
Yes Theory,8.3M,Travel,https://hypeauditor.com/youtube/UCvK4bOhULCpmLabd2pDMtnA/
Daz Games,8.2M,Animation,https://hypeauditor.com/youtube/UCDBCCMlFD-hArPbWv38FINA/
Bad Lip Reading,8.2M,Movies,https://hypeauditor.com/youtube/UC67f2Qf7FYhtoUIF4Sf29cA/
loveliveserve,8.2M,Movies,https://hypeauditor.com/youtube/UCyoEZ7icpGsUlki08Is8v9g/
Grian,8.2M,Video games,https://hypeauditor.com/youtube/UCR9Gcq0CMm6YgTzsDxAxjOQ/
The Official Gummibär Channel,8.1M,Movies,https://hypeauditor.com/youtube/UCyKa1YNZLio6XfjMR7fw45Q/
Insider,8.1M,Movies,https://hypeauditor.com/youtube/UCHJuQZuzapBh-CuhRYxIZrg/
The Try Guys,8.1M,Food & Drinks,https://hypeauditor.com/youtube/UCpi8TJfiA4lKGkaXs__YdBA/
Lil Dicky,8.1M,Music & Dance,https://hypeauditor.com/youtube/UC8rVJyj4zE0S9-sccMLifIA/
MineCraft VFX Family,8M,null,https://hypeauditor.com/youtube/UCyn4UphNjXY8ULKja5F9DBQ/
Whitney Houston,8M,Music & Dance,https://hypeauditor.com/youtube/UC7fzrpTArAqDHuB3Hbmd_CQ/
ExtremeToys TV,8M,Video games,https://hypeauditor.com/youtube/UCKV2MIICJ8Oa7_he1IZJEVw/
tzuyang,8M,Food & Drinks,https://hypeauditor.com/youtube/UCfpaSruWW3S4dibonKXENjA/
WILDCAT,8M,Video games,https://hypeauditor.com/youtube/UC-kOXc3gBwksVfmndSEz7jg/
RageElixir,8M,Animation,https://hypeauditor.com/youtube/UC2IbKgetx0qzxVKVZ8NlIfw/
AlishaMarie,8M,Fashion,https://hypeauditor.com/youtube/UCSReacwdlGHHyTIyuROhVdQ/
kevingatesTV,8M,Music & Dance,https://hypeauditor.com/youtube/UCj2GTFekdV3EUsTVN8oaEqA/
Cheryl Porter Vocal Coach,8M,Music & Dance,https://hypeauditor.com/youtube/UCiuFR-m7cy1GW-JMMYBd1TQ/
5SOS,8M,Music & Dance,https://hypeauditor.com/youtube/UC-vKwDHcbPLtjml81ohGRng/
Mr Bean World,8M,null,https://hypeauditor.com/youtube/UCzoFjzSkbrDD1GHsz2YNLig/
Hau Hoang,7.9M,Music & Dance,https://hypeauditor.com/youtube/UCbIZSalhHyz3RNWj2wowzdQ/
Jubilee,7.9M,Humor,https://hypeauditor.com/youtube/UCJjSDX-jUChzOEyok9XYRJQ/
TheMermaidscales,7.9M,null,https://hypeauditor.com/youtube/UCxd6ifFZycyUB45d2t9VPQw/
Troye Sivan,7.9M,Daily vlogs,https://hypeauditor.com/youtube/UCWcrr8Q9INGNp-PTCLTzc8Q/
VuxVux,7.9M,Video games,https://hypeauditor.com/youtube/UC3HY3mmn2hBenusN53K6jZA/
Aaron Esser,7.9M,Animation,https://hypeauditor.com/youtube/UCOTaQOueW7Va3rVF3PGL4hw/
Tipsy Bartender,7.9M,Food & Drinks,https://hypeauditor.com/youtube/UCaDY8WjYWy36bnt0RVzSklw/
MadFit,7.9M,Fitness,https://hypeauditor.com/youtube/UCpQ34afVgk8cRQBjSJ1xuJQ/
Khan Academy,7.8M,Science & Technology,https://hypeauditor.com/youtube/UC4a-Gbdw7vOaccHmFo40b9g/
Vivziepop,7.8M,Movies,https://hypeauditor.com/youtube/UCzfyYtgvkx5mLy8nlLlayYg/
Miraculous Ladybug,7.8M,Movies,https://hypeauditor.com/youtube/UCWjVfZ3VnyUwBEOkuOlaU3g/
Steve TV Show,7.8M,Music & Dance,https://hypeauditor.com/youtube/UCEs-zSwH2NYGskxF-ptoT1w/
Merrick Hanna,7.8M,null,https://hypeauditor.com/youtube/UC39he8ro-KtBHkq0NXOFyQw/
MostAmazingTop10,7.8M,Animation,https://hypeauditor.com/youtube/UCBINYCmwE29fBXCpUI8DgTA/
Joshua Weissman,7.8M,Food & Drinks,https://hypeauditor.com/youtube/UChBEbMKI1eCcejTtmI32UEw/
sWooZie,7.8M,Movies,https://hypeauditor.com/youtube/UCUKi4zY5ETSqrKAjTBgjM-g/
NPR Music,7.8M,Music & Dance,https://hypeauditor.com/youtube/UC4eYXhJI4-7wSWc8UNRwD4A/
SyrebralVibes,7.7M,Music & Dance,https://hypeauditor.com/youtube/UCi0LydWaEUy3Vx8flL29ebQ/
Dr. Sandra Lee (aka Dr. Pimple Popper),7.7M,ASMR,https://hypeauditor.com/youtube/UCgrsF4TYwmrV0QsXb8AoeHQ/
Disney Channel,7.7M,Movies,https://hypeauditor.com/youtube/UCw7SNYrYei7F5ttQO3o-rpA/
Insider Business,7.7M,News & Politics,https://hypeauditor.com/youtube/UCcyq283he07B7_KUX07mmtA/
The Rybka Twins,7.7M,Music & Dance,https://hypeauditor.com/youtube/UC-TFz4MD1ZzcY6NuZAP3Ndw/
Brad Mondo,7.7M,DIY & Life Hacks,https://hypeauditor.com/youtube/UCoc_XJPj6YLMQDWtPDQcDtA/
CinemaSins,9.2M,Movies,https://hypeauditor.com/youtube/UCYUQQgogVeQY8cMQamhHJcg/
NFrealmusic,9.2M,Music & Dance,https://hypeauditor.com/youtube/UCoRR6OLuIZ2-5VxtnQIaN2w/
LastWeekTonight,9.2M,News & Politics,https://hypeauditor.com/youtube/UC3XTzVzaHQEd30rQbuvCtTQ/
Jack Doherty,9.2M,null,https://hypeauditor.com/youtube/UCkj8f9sqSKuzn-NyP7Os1ZQ/
The X Factor UK,9.1M,null,https://hypeauditor.com/youtube/UCEY1ejsweY4DgMwOVJeEaBA/
The Late Show with Stephen Colbert,9.1M,Movies,https://hypeauditor.com/youtube/UCMtFAi84ehTSYSE9XoHefig/
Rooster Teeth,9.1M,Movies,https://hypeauditor.com/youtube/UCzH3iADRIq1IJlIXjfNgTpA/
BigDawsTv,9.1M,Animation,https://hypeauditor.com/youtube/UCu4X846OSea5YU6S8fIpy1A/
Hannah Stocking,9.1M,null,https://hypeauditor.com/youtube/UCkS8bfIrm38QCSQeOqRxR4A/
Howcast,9.1M,Health & Self Help,https://hypeauditor.com/youtube/UCSpVHeDGr9UbREhRca0qwsA/
TheRelaxingEnd,9.1M,null,https://hypeauditor.com/youtube/UCWVuy4NPohItH9-Gr7e8wqw/
Facts Verse,9.1M,Movies,https://hypeauditor.com/youtube/UCXZpQgX1897wYDLtvzmgyIA/
Brianna,9.1M,Humor,https://hypeauditor.com/youtube/UCXg4rJUbDP1IP3TmZ9KDpJg/
TonyTV,9M,Daily vlogs,https://hypeauditor.com/youtube/UCKl0tA90oEArasOGzp8I41g/
Nintendo of America,9M,null,https://hypeauditor.com/youtube/UCGIY_O-8vW4rfX98KlMkvRg/
Sam and Colby,9M,Video games,https://hypeauditor.com/youtube/UCg3gzldyhCHJjY7AWWTNPPA/
MBCentertainment,8.9M,Music & Dance,https://hypeauditor.com/youtube/UCiBr0bK06imaMbLc8sAEz0A/
Proximity,8.9M,null,https://hypeauditor.com/youtube/UC3ifTl5zKiCAhHIBQYcaTeg/
CJ SO COOL,8.9M,Humor,https://hypeauditor.com/youtube/UCVyM1Zknz3u2hGLAN2NVtZg/
The Voice,8.9M,Music & Dance,https://hypeauditor.com/youtube/UCpdK1NLHxEUGXc1gq2NxkTw/
Kallmekris,8.9M,Animation,https://hypeauditor.com/youtube/UCiciOsypkXcqSFqSPd-NRVA/
Vat19,8.8M,DIY & Life Hacks,https://hypeauditor.com/youtube/UCDRbNGFusqlXX4a5vwi9ouQ/
Moriah Elizabeth,8.8M,DIY & Life Hacks,https://hypeauditor.com/youtube/UCYAB7hh1ohA8-iX54EpMdeA/
GamingWithKev,8.8M,Video games,https://hypeauditor.com/youtube/UCrkfdiZ4pF3f5waQaJtjXew/
LARRAY,8.8M,Animation,https://hypeauditor.com/youtube/UCt_DaLB_NDqPVxezyvcfRtg/
PaulVuTV,8.7M,null,https://hypeauditor.com/youtube/UCRehQoB8xNozXLsfzFtDY4w/
Michelle Phan,8.7M,Beauty,https://hypeauditor.com/youtube/UCuYx81nzzz4OFQrhbKDzTng/
Be Inspired,8.7M,Science & Technology,https://hypeauditor.com/youtube/UCaKZDEMDdQc8t6GzFj1_TDw/
Machine Gun Kelly,8.7M,Music & Dance,https://hypeauditor.com/youtube/UCUs8sGiP4avNaYNVO22INhQ/
Sofie Dossi,8.7M,Movies,https://hypeauditor.com/youtube/UCF0_hwTeQ73IhJuEtsUbEtA/
ĐÔNG TÂY PROMOTION OFFICIAL,8.6M,Music & Dance,https://hypeauditor.com/youtube/UCFMEYTv6N64hIL9FlQ_hxBw/
Screen Rant,8.6M,Movies,https://hypeauditor.com/youtube/UC2iUwfYi_1FCGGqhOUNx-iA/
Desmond Dennis,8.6M,Animation,https://hypeauditor.com/youtube/UC766XIyusOpE7syokucRykA/
Taylor Red TV,8.6M,null,https://hypeauditor.com/youtube/UCZbxOF4JvldBz1jYDURg_gQ/
Mumbo Jumbo,8.6M,Video games,https://hypeauditor.com/youtube/UChFur_NwVSbUozOcF_F2kMg/
Team Coco,8.6M,Movies,https://hypeauditor.com/youtube/UCi7GJNg51C3jgmYTUwqoUXA/
TheThings Celebrity,8.6M,null,https://hypeauditor.com/youtube/UC1Ydgfp2x8oLYG66KZHXs1g/
FunnyMike,8.6M,Video games,https://hypeauditor.com/youtube/UC3xWCpnWd8l7HaiqfvtzIhQ/
Amaury Guichon,8.6M,null,https://hypeauditor.com/youtube/UC0fvGpDXi7sV2hbgD-O47yw/
AwesomenessTV,8.6M,Humor,https://hypeauditor.com/youtube/UCWljxewHlJE3M7U_6_zFNyA/
Talking Tom Heroes,8.6M,Movies,https://hypeauditor.com/youtube/UCwC-DciMGGk9AgpJ3hpreHw/
House of Highlights,8.5M,Sports,https://hypeauditor.com/youtube/UCqQo7ewe87aYAe7ub5UqXMw/
VICE News,8.5M,News & Politics,https://hypeauditor.com/youtube/UCZaT_X_mc0BI-djXOlfhqWQ/
G-Eazy,8.5M,Music & Dance,https://hypeauditor.com/youtube/UCBkNpeyvBO2TdPGVC_PsPUA/
HunniBee ASMR,8.5M,ASMR,https://hypeauditor.com/youtube/UCB7Te5Pb6LOTFV7i0Rzp8dg/
grav3yardgirl,8.5M,ASMR,https://hypeauditor.com/youtube/UCGwPbAQdGA3_88WBuGtg9tw/
Familia Diamond,8.4M,Humor,https://hypeauditor.com/youtube/UC5ZOSZ-Bpass2ZkJY9q9ISg/
_vector_,8.4M,null,https://hypeauditor.com/youtube/UCzJ53fi4NuDCYWOk9PtEkCA/
Kodak Black,8.4M,Music & Dance,https://hypeauditor.com/youtube/UChEYVadfkMCfrKUi6qr3I1Q/
The School of Life,8.4M,Design/art,https://hypeauditor.com/youtube/UC7IcJI8PUf5Z3zKxnZvTBog/
Gorillaz,10.3M,Music & Dance,https://hypeauditor.com/youtube/UCfIXdjDQH9Fau7y99_Orpjw/
WIRED,10.3M,null,https://hypeauditor.com/youtube/UCftwRNsjfRo08xYE31tkiyw/
Family Fun Pack,10.2M,null,https://hypeauditor.com/youtube/UCvthuVsurPaVz2a7_4LepGg/
FV FAMILY,10.2M,Movies,https://hypeauditor.com/youtube/UC4-eGDvOe41__-RiE0E9L6A/
Squared Media,10.2M,Animation,https://hypeauditor.com/youtube/UCawEP-InoKYKutsgq_vqIXA/
truly,10.2M,News & Politics,https://hypeauditor.com/youtube/UCfwx98Wty7LhdlkxL5PZyLA/
VitalyzdTv,10M,Humor,https://hypeauditor.com/youtube/UC1KPy3cAAj0i0RIFC_SzjMg/
InquisitorMaster,10M,Animation,https://hypeauditor.com/youtube/UCS7b93ZwoL1xt2hR7a7l2mg/
Babish Culinary Universe,10M,Food & Drinks,https://hypeauditor.com/youtube/UCJHA_jMfCvEnv-3kRjTCQXw/
DaBaby,10M,Music & Dance,https://hypeauditor.com/youtube/UC2CCXzC56k0b8L49R_iW-Yw/
Telemundo Novelas,10M,Movies,https://hypeauditor.com/youtube/UCsDG_lFhRcvC14XRYVLeIfA/
ItsFunneh,10M,Animation,https://hypeauditor.com/youtube/UCUk7VggtJdo9XYTy3Z5QVAw/
Thơ Nguyễn,10M,Music & Dance,https://hypeauditor.com/youtube/UCSJsjCiTl2lourZXnigVCoA/
Best Ever Food Review Show,10M,Food & Drinks,https://hypeauditor.com/youtube/UCcAd5Np7fO8SeejB1FVKcYw/
POPS MUSIC,9.8M,Music & Dance,https://hypeauditor.com/youtube/UCUgXK2UjZ8G_EM438aYkGrw/
JoshDub,9.8M,Animation,https://hypeauditor.com/youtube/UC9DWJ33CMvIseLlyx6hyRnA/
Will Smith,9.8M,Movies,https://hypeauditor.com/youtube/UCKuHFYu3smtrl2AwwMOXOlg/
Mark Wiens,9.8M,Food & Drinks,https://hypeauditor.com/youtube/UCyEd6QBSgat5kkC6svyjudA/
Nick DiGiovanni,9.8M,Food & Drinks,https://hypeauditor.com/youtube/UCMyOj6fhvKFMjxUCp3b_3gA/
Izabela Stress,9.8M,null,https://hypeauditor.com/youtube/UC8-4DBG_s3OvpuNFdEYxnFA/
Carter Sharer,9.8M,Video games,https://hypeauditor.com/youtube/UCtNBFUsxj2YVbEc5HquzFqg/
Guinness World Records,9.8M,null,https://hypeauditor.com/youtube/UCeSRjhfeeqIgr--AcP9qhyg/
쏘영 Ssoyoung,9.7M,ASMR,https://hypeauditor.com/youtube/UC4PpFUrfT2Pou7OwpVF0MUQ/
The Prince Family,9.7M,Humor,https://hypeauditor.com/youtube/UC5LGPvoUOfwcLi4Ck8LiR4A/
BCC Gaming,9.7M,null,https://hypeauditor.com/youtube/UCBw-Dz6wHRkxiXKCLoWqDzA/
Steven He,9.7M,Humor,https://hypeauditor.com/youtube/UCP0_k4INXrwPS6HhIyYqsTg/
Greg Renko,9.7M,Animation,https://hypeauditor.com/youtube/UCB_CCSAGP_YCuR36_w2bG1w/
Safiya Nygaard,9.7M,Fashion,https://hypeauditor.com/youtube/UCbAwSkqJ1W_Eg7wr3cp5BUA/
Madilyn Bailey,9.6M,Music & Dance,https://hypeauditor.com/youtube/UCZH4EVUqljV-zkZEd0Ot7EQ/
Thinknoodles,9.6M,Animation,https://hypeauditor.com/youtube/UChd1FPXykD4pust3ljzq6hQ/
Beluga,9.6M,null,https://hypeauditor.com/youtube/UCmSp4bDxS9R0jpeZEvkut2g/
ChrisFix,9.5M,Autos & Vehicles,https://hypeauditor.com/youtube/UCes1EvRjcKU4sY_UEavndBw/
Lâm Vlog,9.5M,Toys,https://hypeauditor.com/youtube/UConnM5zwOP9vG_LPTYbRsAg/
Grandpa Kitchen,9.5M,Food & Drinks,https://hypeauditor.com/youtube/UC1of9ELYwB623fWaAMRDVFA/
A&E,9.5M,null,https://hypeauditor.com/youtube/UCNIFiHaLZkYASaWDdkC1njg/
Haschak Sisters,9.5M,Music & Dance,https://hypeauditor.com/youtube/UCMkfcY0uNTa7hccthSooPnQ/
Stephen Sharer,9.4M,Toys,https://hypeauditor.com/youtube/UCDfk8ogO6QGeJAYCY0QDzKw/
Macklemore,9.4M,Music & Dance,https://hypeauditor.com/youtube/UCXYRdIXDdeZIf816EWAr5zQ/
Niki and Gabi,9.4M,Fashion,https://hypeauditor.com/youtube/UCuVHOs0H5hvAHGr8O4yIBNQ/
SAS-ASMR,9.4M,null,https://hypeauditor.com/youtube/UCp4LfMtDfoa29kTlLnqQ5Mg/
Joey Graceffa,9.4M,Animals & Pets,https://hypeauditor.com/youtube/UCGCPAOQDZa_TTTXDr5byjww/
Anwar Jibawi,9.4M,null,https://hypeauditor.com/youtube/UCEr55381WIqO1w_IzgcI5DQ/
McCreamy,9.4M,Video games,https://hypeauditor.com/youtube/UC-sjC5fKKsrpcZRJwlZJzZQ/
Khalid,9.3M,null,https://hypeauditor.com/youtube/UCkntT5Je5DDopF70YUsnuEQ/
Denis,9.3M,Video games,https://hypeauditor.com/youtube/UCOaMOXfe8EWH1GJyhqhXrAA/
Kids Fun TV,9.2M,null,https://hypeauditor.com/youtube/UChsFzlDgXxa4MDlFp-28FxQ/
ESPN,9.2M,Sports,https://hypeauditor.com/youtube/UCiWLfSweyRNmLpgEHekhoAg/
Isaiah Photo,9.2M,null,https://hypeauditor.com/youtube/UCjPYYvIdTqn9U52p9IxJ72Q/
Muselk,9.2M,Video games,https://hypeauditor.com/youtube/UCd534c_ehOvrLVL2v7Nl61w/
SnoopDoggTV,9.2M,Music & Dance,https://hypeauditor.com/youtube/UC-OO324clObi3H-U0bP77dw/
Ian Boggs,11.7M,Animation,https://hypeauditor.com/youtube/UC9yadlAEiyOUNa3y4dnuYFg/
Maymo,11.6M,null,https://hypeauditor.com/youtube/UCC7tqA6lA2QRw4BdrAEKFxg/
Cut,11.6M,Humor,https://hypeauditor.com/youtube/UCbaGn5VkOVlcRgIWAHcrJKA/
Kênh Thiếu Nhi - BHMEDIA,11.6M,Music & Dance,https://hypeauditor.com/youtube/UC6eq3sR4CtbvGdmInchzWUA/
Taylor RS,11.6M,null,https://hypeauditor.com/youtube/UCCdYYruzqbr0FdNehbUoUiw/
Fortnite,11.6M,Movies,https://hypeauditor.com/youtube/UClG8odDC8TS6Zpqk9CGVQiQ/
Genius,11.6M,Music & Dance,https://hypeauditor.com/youtube/UCyFZMEnm1il5Wv3a6tPscbA/
Doja Cat,11.6M,Music & Dance,https://hypeauditor.com/youtube/UCzpl23pGTHVYqvKsgY0A-_w/
Dobre Brothers,11.5M,Movies,https://hypeauditor.com/youtube/UCC3OGYxHwV8pB5yLobw9KdA/
Comedy Central,11.4M,Movies,https://hypeauditor.com/youtube/UCUsN5ZwHx2kILm84-jPDeXw/
Wassabi,11.4M,Movies,https://hypeauditor.com/youtube/UCNdqe5zJ6k-i7XKoYWA4Z2g/
CaptainSparklez,11.4M,Video games,https://hypeauditor.com/youtube/UCshoKvlZGZ20rVgazZp5vnQ/
BE AMAZED,11.4M,Education,https://hypeauditor.com/youtube/UCkQO3QsgTpNTsOw6ujimT5Q/
UnspeakableReacts,11.4M,Video games,https://hypeauditor.com/youtube/UCKYb5XBe-5OSEgLijLSoDtw/
HUBA후바,11.4M,null,https://hypeauditor.com/youtube/UCybzQL-nUUIcbobgx6CrvkQ/
Red Bull,11.4M,Sports,https://hypeauditor.com/youtube/UCblfuW_4rakIf2h6aqANefA/
MyLifeAsEva,11.4M,Humor,https://hypeauditor.com/youtube/UCAoMPWcQKA_9Af5YhWdrZgw/
Vox,11.3M,News & Politics,https://hypeauditor.com/youtube/UCLXo7UDZvByw2ixzpQCufnA/
DemolitionRanch,11.2M,Video games,https://hypeauditor.com/youtube/UCBvc7pmUp9wiZIFOXEp1sCg/
NASA,11.2M,News & Politics,https://hypeauditor.com/youtube/UCLA_DiR1FfKNvjuUpBHmylQ/
NFL,11.2M,Sports,https://hypeauditor.com/youtube/UCDVYQ4Zhbm3S2dlz7P1GBDg/
ViralHog,11.1M,Daily vlogs,https://hypeauditor.com/youtube/UC3339WgBDKIcxTfywuSmG8w/
ExplosmEntertainment,11M,Movies,https://hypeauditor.com/youtube/UCWXCrItCF6ZgXrdozUS-Idw/
SmarterEveryDay,11M,Science & Technology,https://hypeauditor.com/youtube/UC6107grRI4m0o2-emgoDnAA/
Caylus,11M,Animation,https://hypeauditor.com/youtube/UCVAYy7_zddIx6USjXscV9Vg/
Minecraft,10.9M,Animation,https://hypeauditor.com/youtube/UC1sELGmy5jp5fQUugmuYlXQ/
Psych2Go,10.9M,Health & Self Help,https://hypeauditor.com/youtube/UCkJEpR7JmS36tajD34Gp4VA/
Piper Rockelle,10.9M,Music & Dance,https://hypeauditor.com/youtube/UCYfbq37VGb-07tDS0FGtsPw/
Primitive Technology,10.8M,DIY & Life Hacks,https://hypeauditor.com/youtube/UCAL3JXZSzSm8AlZyD3nQdBA/
Warner Bros. Pictures,10.8M,Movies,https://hypeauditor.com/youtube/UCjmJDM5pRKbUlVIzDYYWb6g/
Jane & Sergio 🥰,10.8M,null,https://hypeauditor.com/youtube/UCi-zk_MWt0Skdhm4ez_aFZw/
Doctor Mike,10.8M,Health & Self Help,https://hypeauditor.com/youtube/UC0QHWhjbe5fGJEPz3sVb6nw/
Cris Devil Gamer,10.8M,Movies,https://hypeauditor.com/youtube/UCd0neB_LB1xpwIYDetX2qTg/
stampylonghead,10.8M,Video games,https://hypeauditor.com/youtube/UCj5i58mCkAREDqFWlhaQbOw/
SportsNation,10.7M,Sports,https://hypeauditor.com/youtube/UCQZi2YXSxc6BSK4mZHql8ag/
Patty Mayo,10.6M,Movies,https://hypeauditor.com/youtube/UCEYLdM2bdhmw-TS3c0TjFNw/
MTV,10.6M,Music & Dance,https://hypeauditor.com/youtube/UCxAICW_LdkfFYwTqTHHE0vg/
Nick Pro,10.6M,Sports,https://hypeauditor.com/youtube/UChCBHudFoBnsF0O1flPXqiQ/
Luke Davidson,10.6M,null,https://hypeauditor.com/youtube/UCuwJoiGWRxPYStBp0l0WuZw/
Jesse,10.6M,Music & Dance,https://hypeauditor.com/youtube/UCgefQJC5UgbWJHDxBqB4qVg/
Fox News,10.6M,News & Politics,https://hypeauditor.com/youtube/UCXIJgqnII2ZOINSWNOGFThA/
TopMovieClips,10.4M,Movies,https://hypeauditor.com/youtube/UClVbhSLxwws-KSsPKz135bw/
AsapSCIENCE,10.4M,Science & Technology,https://hypeauditor.com/youtube/UCC552Sd-3nyi_tk2BudLUzA/
How It Should Have Ended,10.4M,Movies,https://hypeauditor.com/youtube/UCHCph-_jLba_9atyCZJPLQQ/
"SaraBeautyCorner - DIY, Comedy, Makeup, Nail Art",10.4M,DIY & Life Hacks,https://hypeauditor.com/youtube/UC0YvTCy1I4_a-3pn47_5DBA/
The Daily Show,10.4M,News & Politics,https://hypeauditor.com/youtube/UCwWhs_6x42TyRM4Wstoq8HA/
OneRepublic,10.4M,Music & Dance,https://hypeauditor.com/youtube/UCi4EDAgjULwwNBHOg1aaCig/
The Bee Family,10.4M,Daily vlogs,https://hypeauditor.com/youtube/UCtZAaljDNIsIAIhwYYzvEiw/
Vie Channel - HTV2,10.4M,Music & Dance,https://hypeauditor.com/youtube/UCkna2OcuN1E6u5I8GVtdkOw/
Dr. Eric Berg DC,10.3M,Health & Self Help,https://hypeauditor.com/youtube/UC3w193M5tYPJqF0Hi-7U-2g/
National Geographic,21.5M,null,https://hypeauditor.com/youtube/UCpVm7bg6pXKo1Pr6k5kxG9A/
Tasty,21.1M,Food & Drinks,https://hypeauditor.com/youtube/UCJFp8uSYCjXOMnkUyb3CQ3Q/
Becky G,21.1M,Music & Dance,https://hypeauditor.com/youtube/UCgtNC51EUSgcZ6kKyVoPxKA/
Tekashi 6ix9ine,21M,Music & Dance,https://hypeauditor.com/youtube/UCF6jRAgCbSanHolKt0Vt6Qw/
Infinite,20.8M,Video games,https://hypeauditor.com/youtube/UC_hSjGOO67A6gIDUcyuv_8A/
Brave Wilderness,20.7M,null,https://hypeauditor.com/youtube/UC6E2mP01ZLH_kbAyeazCNdg/
The Royalty Family,20.7M,Humor,https://hypeauditor.com/youtube/UCja7QUMRG9AD8X2F_vXFb9A/
Zach Choi ASMR,20.6M,Daily vlogs,https://hypeauditor.com/youtube/UCI78AdiI6f7VKhqW1i4B3Rw/
Ben Azelart,20.4M,Video games,https://hypeauditor.com/youtube/UCwVg9btOceLQuNCdoQk9CXg/
Kurzgesagt – In a Nutshell,20.4M,Education,https://hypeauditor.com/youtube/UCsXVk37bltHxD1rDPwtNM8Q/
Jake Paul,20.3M,Fitness,https://hypeauditor.com/youtube/UCcgVECVN4OKV6DH1jLkqmcA/
NBA,20.3M,Sports,https://hypeauditor.com/youtube/UCWJ2lWNubArHWmf3FIHbfcQ/
BuzzFeedVideo,20.3M,Food & Drinks,https://hypeauditor.com/youtube/UCpko_-a4wgz2u_DgDgd9fqA/
Ninja Kidz TV,20.3M,Video games,https://hypeauditor.com/youtube/UCpZ88DWlKW0H_AYDaUZptcw/
Linkin Park,20.2M,Music & Dance,https://hypeauditor.com/youtube/UCZU9T1ceaOgwfLRq7OKFU4Q/
Skrillex,20.1M,Music & Dance,https://hypeauditor.com/youtube/UC_TVqp_SyG6j5hG-xVRy95A/
Marvel Entertainment,20.1M,Movies,https://hypeauditor.com/youtube/UCvC4D8onUfXzvjTOM-dBfEA/
REACT,20.1M,Humor,https://hypeauditor.com/youtube/UC0v-tlzsn0QZwJnkiaUSJVQ/
Pentatonix,20.1M,Music & Dance,https://hypeauditor.com/youtube/UCmv1CLT6ZcFdTJMHxaR9XeA/
Vevo,20.1M,Music & Dance,https://hypeauditor.com/youtube/UC2pmfLm7iq6Ov1UwYrWYkZA/
Stokes Twins,20M,Video games,https://hypeauditor.com/youtube/UCbp9MyKCTEww4CxEzc_Tp0Q/
Gordon Ramsay,19.9M,Food & Drinks,https://hypeauditor.com/youtube/UCIEv3lZ_tNXHzL3ox-_uUGQ/
CookieSwirlC,19.6M,Video games,https://hypeauditor.com/youtube/UCelMeixAOTs2OQAAi9wU8-g/
shane,19.3M,Humor,https://hypeauditor.com/youtube/UCV9_KinVpV-snHe3C3n1hvA/
Jimmy Kimmel Live,19.1M,Movies,https://hypeauditor.com/youtube/UCa6vGFO9ty8v5KZJXQxdhaw/
TheOdd1sOut,19M,Movies,https://hypeauditor.com/youtube/UCo8bcnLyZH8tBIH9V1mLgqQ/
Мирошка ТВ,18.9M,null,https://hypeauditor.com/youtube/UCUYA9nNP2Pgz5RF_oMvnqdQ/
Vsauce,18.7M,Science & Technology,https://hypeauditor.com/youtube/UC6nSFpj9HTCZ5t-N3Rm3-HA/
Ali-A,18.6M,Video games,https://hypeauditor.com/youtube/UCYVinkwSX7szARULgYpvhLw/
TED-Ed,18.5M,Science & Technology,https://hypeauditor.com/youtube/UCsooa4yRKGN_zEE8iknghZA/
Unbox Therapy,18.3M,Science & Technology,https://hypeauditor.com/youtube/UCsTcErHg8oDvUnTzoqsYeNw/
Good Mythical Morning,18.3M,Food & Drinks,https://hypeauditor.com/youtube/UC4PooiX37Pld1T8J5SYT-SQ/
Dhar Mann,18M,Health & Self Help,https://hypeauditor.com/youtube/UC_hK9fOxyy_TM8FJGXIyG8Q/
Lele Pons,17.9M,Movies,https://hypeauditor.com/youtube/UCi9cDo6239RAzPpBZO9y5SA/
Lil Pump,17.9M,Music & Dance,https://hypeauditor.com/youtube/UC6pjHMC4QXMi4llCCjtDXWg/
Jason Derulo,17.5M,Music & Dance,https://hypeauditor.com/youtube/UCe3yZzUwpmy2eKKmF9svX0Q/
Topper Guild,17.4M,Animation,https://hypeauditor.com/youtube/UCPuEAY09CtdTzFNWuqVZgDw/
IGN,17.4M,null,https://hypeauditor.com/youtube/UCKy1dAqELo0zrOtPkf0eTMw/
The Game Theorists,17.4M,Science & Technology,https://hypeauditor.com/youtube/UCo_IB5145EVNcf8hw1Kku7w/
HowToBasic,17.2M,Food & Drinks,https://hypeauditor.com/youtube/UCR4s1DE9J4DHzZYXMltSMAg/
Zach King,17M,Movies,https://hypeauditor.com/youtube/UCq8DICunczvLuJJq414110A/
Guava Juice,17M,null,https://hypeauditor.com/youtube/UCMNmwqCtCSpftrbvR3KkHDA/
MSA previously My Story Animated,16.9M,Animation,https://hypeauditor.com/youtube/UCYzEMRKqrh01-tauv7MYyVQ/
Marques Brownlee,16.8M,Science & Technology,https://hypeauditor.com/youtube/UCBJycsmduvYEL83R_U4JriQ/
VICE,16.8M,News & Politics,https://hypeauditor.com/youtube/UCn8zNIfYAQNdrFRrr8oibKw/
Aphmau,16.6M,Animation,https://hypeauditor.com/youtube/UCzYfz8uibvnB7Yc1LjePi4g/
How Ridiculous,16.6M,Video games,https://hypeauditor.com/youtube/UC5f5IV0Bf79YLp_p9nfInRA/
With Kids[위드키즈],16.6M,null,https://hypeauditor.com/youtube/UC6ye474SJCiPsEPueO_b3Gw/
IShowSpeed,16.5M,Video games,https://hypeauditor.com/youtube/UCWsDFcIhY2DBi3GB5uykGXA/
FailArmy,16.5M,Animation,https://hypeauditor.com/youtube/UCPDis9pjXuqyI7RYLJ-TTSA/
Kurt Hugo Schneider,13.4M,null,https://hypeauditor.com/youtube/UCplkk3J5wrEl0TNrthHjq4Q/
ATHLEAN-X™,13.4M,Fitness,https://hypeauditor.com/youtube/UCe0TLA0EsQbE-MjuHXevj2A/
DALLMYD,13.3M,Mystery,https://hypeauditor.com/youtube/UCI4fHQkguBNW3SwTqmehzjw/
TommyInnit,13.3M,Animation,https://hypeauditor.com/youtube/UC5p_l5ZeB_wGjO_yDXwiqvw/
Matt Steffanina,13.2M,Music & Dance,https://hypeauditor.com/youtube/UCczFdwWpVEpoqb-eMm4c4dQ/
MoreAliA,13.2M,Animation,https://hypeauditor.com/youtube/UCyeVfsThIHM_mEZq7YXIQSQ/
The LaBrant Fam,13.2M,Music & Dance,https://hypeauditor.com/youtube/UC4-CH0epzZpD_ARhxCx6LaQ/
The Infographics Show,13.1M,Education,https://hypeauditor.com/youtube/UCfdNM3NAhaBOXCafH7krzrA/
Vogue,13M,Fashion,https://hypeauditor.com/youtube/UCRXiA3h1no_PFkb1JCP0yMA/
JesseAndMike,13M,null,https://hypeauditor.com/youtube/UCV1JuyDF9Re3HyXFGeqnC7Q/
Airrack,12.9M,Video games,https://hypeauditor.com/youtube/UCyps-v4WNjWDnYRKmZ4BUGw/
Alexa Rivera,12.9M,Animation,https://hypeauditor.com/youtube/UCPpATKqmMV-CNRNWYaDUwiA/
penguinz0,12.9M,Animation,https://hypeauditor.com/youtube/UCq6VFHwMzcMXbuKyG7SQYIg/
Beast Philanthropy,12.9M,Food & Drinks,https://hypeauditor.com/youtube/UCAiLfjNXkNv24uhpzUgPa6A/
Jesser,12.9M,Video games,https://hypeauditor.com/youtube/UCQIUhhcmXsu6cN6n3y9-Pww/
MrSuicideSheep,12.8M,null,https://hypeauditor.com/youtube/UC5nc_ZtjKW1htCVZVRxlQAQ/
Davie504,12.8M,null,https://hypeauditor.com/youtube/UCgFvT6pUq9HLOvKBYERzXSQ/
Dental Digest,12.8M,null,https://hypeauditor.com/youtube/UC7u9o8BHiJyH2_cef_nC7tQ/
웃웃TwinsFromRussia,12.8M,null,https://hypeauditor.com/youtube/UC0avk6i7f9ZYFfORXMgZxlA/
TKOR,12.6M,DIY & Life Hacks,https://hypeauditor.com/youtube/UC1zZE_kJ8rQHgLTVfobLi_g/
CaseyNeistat,12.6M,Daily vlogs,https://hypeauditor.com/youtube/UCtinbF-Q-fVthA0qrFQTgXQ/
Lofi Girl,12.5M,Music & Dance,https://hypeauditor.com/youtube/UCSJ4gkVC6NrvII8umztf0Ow/
YoungBoy Never Broke Again,12.4M,Music & Dance,https://hypeauditor.com/youtube/UClW4jraMKz6Qj69lJf-tODA/
People Vs Food,12.4M,Food & Drinks,https://hypeauditor.com/youtube/UCHEf6T_gVq4tlW5i91ESiWg/
Avril Lavigne,12.4M,Music & Dance,https://hypeauditor.com/youtube/UC_k8KFBzEf0uQ8LRFSAgSUA/
colinfurze,12.4M,Video games,https://hypeauditor.com/youtube/UCp68_FLety0O-n9QU6phsgw/
Ryan Trahan,12.3M,Humor,https://hypeauditor.com/youtube/UCnmGIkw-KdI0W5siakKPKog/
Ice Cream Rolls,12.3M,null,https://hypeauditor.com/youtube/UCAon55hNT6ESbdQ5y1hRWTA/
123 GO!,12.2M,DIY & Life Hacks,https://hypeauditor.com/youtube/UCBXNpF6k2n8dsI6nBH8q4sQ/
First We Feast,12.2M,Food & Drinks,https://hypeauditor.com/youtube/UCPD_bxCRGpmmeQcbe2kpPaA/
Kylie Jenner,12.2M,Beauty,https://hypeauditor.com/youtube/UCWkYXtnAuu7VTLPwUcRSB6A/
Nat and Essie,12.2M,Toys,https://hypeauditor.com/youtube/UCzIdYMdAtTsWucGCZyZvN6w/
Supercar Blondie,12.1M,Animation,https://hypeauditor.com/youtube/UCKSVUHI9rbbkXhvAXK-2uxA/
Adam W,12.1M,Animation,https://hypeauditor.com/youtube/UC_k6e2PPDUnxEdMJC9Q044g/
Wild 'N Out,12.1M,Music & Dance,https://hypeauditor.com/youtube/UCrkzfc2yf-7q6pd7EtzgNaQ/
P!NK,12M,Music & Dance,https://hypeauditor.com/youtube/UCE5yTn9ljzSnC_oMp9Jnckg/
The Film Theorists,12M,Movies,https://hypeauditor.com/youtube/UC3sznuotAs2ohg_U__Jzj_Q/
Lil Wayne,12M,Music & Dance,https://hypeauditor.com/youtube/UCO9zJy7HWrIS3ojB4Lr7Yqw/
Yoga With Adriene,12M,Fitness,https://hypeauditor.com/youtube/UCFKE7WVJfvaHW5q283SxchA/
BBC Earth,12M,null,https://hypeauditor.com/youtube/UCwmZiChSryoWQCZMIQezgTg/
Kluna Tik,11.9M,null,https://hypeauditor.com/youtube/UCw5hxC9BldHV8cU8PgbNY9g/
Jaiden Animations,11.9M,null,https://hypeauditor.com/youtube/UCGwu0nbY2wSkW8N-cghnLpA/
CrazyRussianHacker,11.8M,Animation,https://hypeauditor.com/youtube/UCe_vXdMrHHseZ_esYUskSBw/
HISTORY,11.8M,Movies,https://hypeauditor.com/youtube/UC9MAhZQQd9egwWCxrwSIsJQ/
Inside Edition,11.8M,News & Politics,https://hypeauditor.com/youtube/UC9k-yiEpRHMNVOnOi_aQK8w/
Flamingo,11.8M,Animation,https://hypeauditor.com/youtube/UCm-X6o81nRsXQTmqpyArkBQ/
Tfue,11.7M,Animation,https://hypeauditor.com/youtube/UC9lSZSYpDDE18hoFA7YlBpw/
Peet Montzingo,11.7M,Daily vlogs,https://hypeauditor.com/youtube/UC1WbRuMMzbzUfBG65x1FmXQ/
Annoying Orange,11.7M,Movies,https://hypeauditor.com/youtube/UCi-5OZ2tYuwMLIcEyOsbdRA/
Talent Recap,11.7M,Music & Dance,https://hypeauditor.com/youtube/UCSWwb_YyNB8vuC1VDcfPPaQ/
FunFun Toy Doll TV,16.4M,null,https://hypeauditor.com/youtube/UCqvS0UZpSh8ydVQ7TxGNOJw/
Jake Fellman,16.3M,null,https://hypeauditor.com/youtube/UCEnqwW6f7bYidXHAI13hhMA/
JJ Olatunji,16.2M,null,https://hypeauditor.com/youtube/UCGmnsW623G1r-Chmo5RB4Yw/
SAM SMITH,16.2M,null,https://hypeauditor.com/youtube/UCvpDeGlR5wLP9Z3Tb6K0Xfg/
LEGO,16M,Animation,https://hypeauditor.com/youtube/UCP-Ng5SXUEt0VE-TXqRdL6g/
CoryxKenshin,16M,Video games,https://hypeauditor.com/youtube/UCiYcA0gJzg855iSKMrX3oHg/
DopeLyrics,15.9M,Music & Dance,https://hypeauditor.com/youtube/UCvR2R7j218tzejtTsb_X6Rw/
UFC - Ultimate Fighting Championship,15.8M,Sports,https://hypeauditor.com/youtube/UCvgfXK4nTYKudb0rFR6noLA/
Rotten Tomatoes Trailers,15.8M,Movies,https://hypeauditor.com/youtube/UCi8e0iOVk1fEOogdfu4YgfA/
Unspeakable,15.5M,Video games,https://hypeauditor.com/youtube/UCwIWAbIeu0xI0ReKWOcw3eg/
Roman Atwood Vlogs,15.5M,Movies,https://hypeauditor.com/youtube/UC-SV8-bUJfXjrRMnp7F8Wzw/
Jordan Matter,15.4M,Music & Dance,https://hypeauditor.com/youtube/UCKaCalz5N5ienIbfPzEbYuA/
Talking Tom & Friends,15.4M,Animation,https://hypeauditor.com/youtube/UCDCNmuaOXOo25Yn4mbMHhhQ/
Daily Dose Of Internet,15.4M,Animals & Pets,https://hypeauditor.com/youtube/UCdC0An4ZPNr_YiFiYoVbwaw/
TheRichest,15.1M,News & Politics,https://hypeauditor.com/youtube/UCdxi8d8qRsRyUi2ERYjYb-w/
CNN,15M,Music & Dance,https://hypeauditor.com/youtube/UCupvZG-5ko_eiXAupbDfxWw/
Kwebbelkop,15M,Animation,https://hypeauditor.com/youtube/UCfLuMSIDmeWRYpuCQL0OJ6A/
MattyBRaps,14.8M,Music & Dance,https://hypeauditor.com/youtube/UCmdY1pHB-KbFYxOyhwjVeQw/
Lachlan,14.8M,Video games,https://hypeauditor.com/youtube/UCh7EqOZt7EvO2osuKbIlpGg/
PlayStation,14.8M,null,https://hypeauditor.com/youtube/UC-2Y8dQb0S6DtpxNgAKoJKA/
Fueled By Ramen,14.8M,Music & Dance,https://hypeauditor.com/youtube/UClVrJwcIy7saPcGc1nct80A/
The Slow Mo Guys,14.8M,null,https://hypeauditor.com/youtube/UCUK0HBIBWgM2c4vsPhkYY4w/
PowerfulJRE,14.7M,Daily vlogs,https://hypeauditor.com/youtube/UCzQUP1qoWDoEbmsQxvdjxgQ/
Meghan Trainor,14.7M,Music & Dance,https://hypeauditor.com/youtube/UCkXgEcpoTE4tHsebYBouWpA/
CrashCourse,14.6M,Science & Technology,https://hypeauditor.com/youtube/UCX6b17PVsYBQ0ip5gyeme-Q/
Chad Wild Clay,14.6M,Movies,https://hypeauditor.com/youtube/UCwaNuezahYT3BOjfXsne2mg/
Reaction Time,14.6M,Animation,https://hypeauditor.com/youtube/UChM5Ff2yVeIZ16EWiB081cg/
melanie martinez,14.6M,Music & Dance,https://hypeauditor.com/youtube/UC2YnEq5Fc5_zEO6bo0oNzCQ/
CollegeHumor,14.6M,Movies,https://hypeauditor.com/youtube/UCPDXXXJj9nax0fr0Wfc048g/
Lilly Singh,14.6M,Animation,https://hypeauditor.com/youtube/UCfm4y4rHF5HGrSr-qbvOwOg/
Rosanna Pansino,14.4M,DIY & Life Hacks,https://hypeauditor.com/youtube/UCjwmbv6NE4mOh8Z8VhPUx1Q/
ABC News,14.4M,News & Politics,https://hypeauditor.com/youtube/UCBi2mrWuNuyYy4gbM6fU18Q/
PrestonPlayz,14.4M,Animation,https://hypeauditor.com/youtube/UCJZam2u1G0syq3kyqrCXrNw/
Ray William Johnson,14.3M,Animation,https://hypeauditor.com/youtube/UCGt7X90Au6BV8rf49BiM6Dg/
NikkieTutorials,14.2M,Design/art,https://hypeauditor.com/youtube/UCzTKskwIc_-a0cGvCXA848Q/
Rebecca Zamolo,14M,Video games,https://hypeauditor.com/youtube/UCfw8x3VR-ElcaWW2Tg_jgSA/
Atlantic Records,13.8M,Music & Dance,https://hypeauditor.com/youtube/UCe4LM_eKc9ywRmVuBm5pjQg/
Wengie,13.6M,DIY & Life Hacks,https://hypeauditor.com/youtube/UCD9PZYV5heAevh9vrsYmt1g/
FAPTV,13.6M,Animation,https://hypeauditor.com/youtube/UC0jDoh3tVXCaqJ6oTve8ebA/
Veritasium,13.6M,Science & Technology,https://hypeauditor.com/youtube/UCHnyfMqiRRG1u-2MsSQLbXA/
Saturday Night Live,13.6M,Movies,https://hypeauditor.com/youtube/UCqFzWxSCi39LnW1JKFR3efg/
The Dodo,13.5M,Animals & Pets,https://hypeauditor.com/youtube/UCINb0wqPz-A0dV9nARjJlOQ/
Hacksmith Industries,13.5M,Video games,https://hypeauditor.com/youtube/UCjgpFI5dU-D1-kh9H1muoxQ/
XO TEAM,13.5M,null,https://hypeauditor.com/youtube/UClZAOlfhJQJRym39WoAPxdw/
Conor Maynard,13.4M,Music & Dance,https://hypeauditor.com/youtube/UCpmD3iT-8TQzRuygIiS9bAw/
AzzyLand,13.4M,Animation,https://hypeauditor.com/youtube/UCzeB_0FNcPIyUSjL_TL5lEw/
H2ODelirious,13.4M,Animation,https://hypeauditor.com/youtube/UCClNRixXlagwAd--5MwJKCw/
The Q,13.4M,null,https://hypeauditor.com/youtube/UCZdGJgHbmqQcVZaJCkqDRwg/
Typical Gamer,13.4M,Video games,https://hypeauditor.com/youtube/UC2wKfjlioOCLP4xQMOWNcgg/
theRadBrad,13.4M,Video games,https://hypeauditor.com/youtube/UCpqXJOEqGS-TCnazcHCo0rA/